"","RegYear","ASAB","AllAgesCounts","AgeGroup","Counts"
"1",1970,"Male",43,"Under 15",NA
"2",1970,"Male",43,"15-19",1
"3",1970,"Male",43,"20-24",2
"4",1970,"Male",43,"25-29",2
"5",1970,"Male",43,"30-34",NA
"6",1970,"Male",43,"35-39",7
"7",1970,"Male",43,"40-44",7
"8",1970,"Male",43,"45-49",8
"9",1970,"Male",43,"50-54",3
"10",1970,"Male",43,"55-59",5
"11",1970,"Male",43,"60-64",4
"12",1970,"Male",43,"65-69",2
"13",1970,"Male",43,"70-74",1
"14",1970,"Male",43,"75-79",NA
"15",1970,"Male",43,"80-84",1
"16",1970,"Male",43,"85+",NA
"17",1970,"Female",30,"Under 15",NA
"18",1970,"Female",30,"15-19",2
"19",1970,"Female",30,"20-24",1
"20",1970,"Female",30,"25-29",3
"21",1970,"Female",30,"30-34",2
"22",1970,"Female",30,"35-39",1
"23",1970,"Female",30,"40-44",3
"24",1970,"Female",30,"45-49",NA
"25",1970,"Female",30,"50-54",4
"26",1970,"Female",30,"55-59",7
"27",1970,"Female",30,"60-64",6
"28",1970,"Female",30,"65-69",1
"29",1970,"Female",30,"70-74",NA
"30",1970,"Female",30,"75-79",NA
"31",1970,"Female",30,"80-84",NA
"32",1970,"Female",30,"85+",NA
"33",1970,"TOTAL",73,"Under 15",0
"34",1970,"TOTAL",73,"15-19",3
"35",1970,"TOTAL",73,"20-24",3
"36",1970,"TOTAL",73,"25-29",5
"37",1970,"TOTAL",73,"30-34",2
"38",1970,"TOTAL",73,"35-39",8
"39",1970,"TOTAL",73,"40-44",10
"40",1970,"TOTAL",73,"45-49",8
"41",1970,"TOTAL",73,"50-54",7
"42",1970,"TOTAL",73,"55-59",12
"43",1970,"TOTAL",73,"60-64",10
"44",1970,"TOTAL",73,"65-69",3
"45",1970,"TOTAL",73,"70-74",1
"46",1970,"TOTAL",73,"75-79",0
"47",1970,"TOTAL",73,"80-84",1
"48",1970,"TOTAL",73,"85+",0
"49",1971,"Male",48,"Under 15",NA
"50",1971,"Male",48,"15-19",1
"51",1971,"Male",48,"20-24",3
"52",1971,"Male",48,"25-29",2
"53",1971,"Male",48,"30-34",2
"54",1971,"Male",48,"35-39",5
"55",1971,"Male",48,"40-44",4
"56",1971,"Male",48,"45-49",12
"57",1971,"Male",48,"50-54",3
"58",1971,"Male",48,"55-59",6
"59",1971,"Male",48,"60-64",4
"60",1971,"Male",48,"65-69",3
"61",1971,"Male",48,"70-74",NA
"62",1971,"Male",48,"75-79",2
"63",1971,"Male",48,"80-84",NA
"64",1971,"Male",48,"85+",1
"65",1971,"Female",22,"Under 15",NA
"66",1971,"Female",22,"15-19",NA
"67",1971,"Female",22,"20-24",1
"68",1971,"Female",22,"25-29",1
"69",1971,"Female",22,"30-34",NA
"70",1971,"Female",22,"35-39",1
"71",1971,"Female",22,"40-44",3
"72",1971,"Female",22,"45-49",1
"73",1971,"Female",22,"50-54",5
"74",1971,"Female",22,"55-59",3
"75",1971,"Female",22,"60-64",3
"76",1971,"Female",22,"65-69",1
"77",1971,"Female",22,"70-74",3
"78",1971,"Female",22,"75-79",NA
"79",1971,"Female",22,"80-84",NA
"80",1971,"Female",22,"85+",NA
"81",1971,"TOTAL",70,"Under 15",0
"82",1971,"TOTAL",70,"15-19",1
"83",1971,"TOTAL",70,"20-24",4
"84",1971,"TOTAL",70,"25-29",3
"85",1971,"TOTAL",70,"30-34",2
"86",1971,"TOTAL",70,"35-39",6
"87",1971,"TOTAL",70,"40-44",7
"88",1971,"TOTAL",70,"45-49",13
"89",1971,"TOTAL",70,"50-54",8
"90",1971,"TOTAL",70,"55-59",9
"91",1971,"TOTAL",70,"60-64",7
"92",1971,"TOTAL",70,"65-69",4
"93",1971,"TOTAL",70,"70-74",3
"94",1971,"TOTAL",70,"75-79",2
"95",1971,"TOTAL",70,"80-84",0
"96",1971,"TOTAL",70,"85+",1
"97",1972,"Male",43,"Under 15",NA
"98",1972,"Male",43,"15-19",2
"99",1972,"Male",43,"20-24",4
"100",1972,"Male",43,"25-29",4
"101",1972,"Male",43,"30-34",1
"102",1972,"Male",43,"35-39",3
"103",1972,"Male",43,"40-44",2
"104",1972,"Male",43,"45-49",3
"105",1972,"Male",43,"50-54",3
"106",1972,"Male",43,"55-59",8
"107",1972,"Male",43,"60-64",8
"108",1972,"Male",43,"65-69",3
"109",1972,"Male",43,"70-74",1
"110",1972,"Male",43,"75-79",NA
"111",1972,"Male",43,"80-84",NA
"112",1972,"Male",43,"85+",1
"113",1972,"Female",24,"Under 15",NA
"114",1972,"Female",24,"15-19",NA
"115",1972,"Female",24,"20-24",NA
"116",1972,"Female",24,"25-29",NA
"117",1972,"Female",24,"30-34",2
"118",1972,"Female",24,"35-39",3
"119",1972,"Female",24,"40-44",2
"120",1972,"Female",24,"45-49",3
"121",1972,"Female",24,"50-54",5
"122",1972,"Female",24,"55-59",3
"123",1972,"Female",24,"60-64",NA
"124",1972,"Female",24,"65-69",5
"125",1972,"Female",24,"70-74",1
"126",1972,"Female",24,"75-79",NA
"127",1972,"Female",24,"80-84",NA
"128",1972,"Female",24,"85+",NA
"129",1972,"TOTAL",67,"Under 15",0
"130",1972,"TOTAL",67,"15-19",2
"131",1972,"TOTAL",67,"20-24",4
"132",1972,"TOTAL",67,"25-29",4
"133",1972,"TOTAL",67,"30-34",3
"134",1972,"TOTAL",67,"35-39",6
"135",1972,"TOTAL",67,"40-44",4
"136",1972,"TOTAL",67,"45-49",6
"137",1972,"TOTAL",67,"50-54",8
"138",1972,"TOTAL",67,"55-59",11
"139",1972,"TOTAL",67,"60-64",8
"140",1972,"TOTAL",67,"65-69",8
"141",1972,"TOTAL",67,"70-74",2
"142",1972,"TOTAL",67,"75-79",0
"143",1972,"TOTAL",67,"80-84",0
"144",1972,"TOTAL",67,"85+",1
"145",1973,"Male",53,"Under 15",1
"146",1973,"Male",53,"15-19",4
"147",1973,"Male",53,"20-24",9
"148",1973,"Male",53,"25-29",1
"149",1973,"Male",53,"30-34",4
"150",1973,"Male",53,"35-39",4
"151",1973,"Male",53,"40-44",6
"152",1973,"Male",53,"45-49",5
"153",1973,"Male",53,"50-54",5
"154",1973,"Male",53,"55-59",4
"155",1973,"Male",53,"60-64",8
"156",1973,"Male",53,"65-69",1
"157",1973,"Male",53,"70-74",NA
"158",1973,"Male",53,"75-79",1
"159",1973,"Male",53,"80-84",NA
"160",1973,"Male",53,"85+",NA
"161",1973,"Female",46,"Under 15",NA
"162",1973,"Female",46,"15-19",4
"163",1973,"Female",46,"20-24",2
"164",1973,"Female",46,"25-29",2
"165",1973,"Female",46,"30-34",1
"166",1973,"Female",46,"35-39",6
"167",1973,"Female",46,"40-44",5
"168",1973,"Female",46,"45-49",2
"169",1973,"Female",46,"50-54",2
"170",1973,"Female",46,"55-59",4
"171",1973,"Female",46,"60-64",10
"172",1973,"Female",46,"65-69",4
"173",1973,"Female",46,"70-74",3
"174",1973,"Female",46,"75-79",NA
"175",1973,"Female",46,"80-84",NA
"176",1973,"Female",46,"85+",1
"177",1973,"TOTAL",99,"Under 15",1
"178",1973,"TOTAL",99,"15-19",8
"179",1973,"TOTAL",99,"20-24",11
"180",1973,"TOTAL",99,"25-29",3
"181",1973,"TOTAL",99,"30-34",5
"182",1973,"TOTAL",99,"35-39",10
"183",1973,"TOTAL",99,"40-44",11
"184",1973,"TOTAL",99,"45-49",7
"185",1973,"TOTAL",99,"50-54",7
"186",1973,"TOTAL",99,"55-59",8
"187",1973,"TOTAL",99,"60-64",18
"188",1973,"TOTAL",99,"65-69",5
"189",1973,"TOTAL",99,"70-74",3
"190",1973,"TOTAL",99,"75-79",1
"191",1973,"TOTAL",99,"80-84",0
"192",1973,"TOTAL",99,"85+",1
"193",1974,"Male",55,"Under 15",NA
"194",1974,"Male",55,"15-19",2
"195",1974,"Male",55,"20-24",3
"196",1974,"Male",55,"25-29",3
"197",1974,"Male",55,"30-34",2
"198",1974,"Male",55,"35-39",5
"199",1974,"Male",55,"40-44",6
"200",1974,"Male",55,"45-49",11
"201",1974,"Male",55,"50-54",5
"202",1974,"Male",55,"55-59",10
"203",1974,"Male",55,"60-64",3
"204",1974,"Male",55,"65-69",2
"205",1974,"Male",55,"70-74",1
"206",1974,"Male",55,"75-79",1
"207",1974,"Male",55,"80-84",1
"208",1974,"Male",55,"85+",NA
"209",1974,"Female",27,"Under 15",NA
"210",1974,"Female",27,"15-19",NA
"211",1974,"Female",27,"20-24",1
"212",1974,"Female",27,"25-29",2
"213",1974,"Female",27,"30-34",2
"214",1974,"Female",27,"35-39",3
"215",1974,"Female",27,"40-44",2
"216",1974,"Female",27,"45-49",4
"217",1974,"Female",27,"50-54",6
"218",1974,"Female",27,"55-59",4
"219",1974,"Female",27,"60-64",NA
"220",1974,"Female",27,"65-69",1
"221",1974,"Female",27,"70-74",NA
"222",1974,"Female",27,"75-79",2
"223",1974,"Female",27,"80-84",NA
"224",1974,"Female",27,"85+",NA
"225",1974,"TOTAL",82,"Under 15",0
"226",1974,"TOTAL",82,"15-19",2
"227",1974,"TOTAL",82,"20-24",4
"228",1974,"TOTAL",82,"25-29",5
"229",1974,"TOTAL",82,"30-34",4
"230",1974,"TOTAL",82,"35-39",8
"231",1974,"TOTAL",82,"40-44",8
"232",1974,"TOTAL",82,"45-49",15
"233",1974,"TOTAL",82,"50-54",11
"234",1974,"TOTAL",82,"55-59",14
"235",1974,"TOTAL",82,"60-64",3
"236",1974,"TOTAL",82,"65-69",3
"237",1974,"TOTAL",82,"70-74",1
"238",1974,"TOTAL",82,"75-79",3
"239",1974,"TOTAL",82,"80-84",1
"240",1974,"TOTAL",82,"85+",0
"241",1975,"Male",61,"Under 15",3
"242",1975,"Male",61,"15-19",1
"243",1975,"Male",61,"20-24",11
"244",1975,"Male",61,"25-29",6
"245",1975,"Male",61,"30-34",5
"246",1975,"Male",61,"35-39",3
"247",1975,"Male",61,"40-44",4
"248",1975,"Male",61,"45-49",9
"249",1975,"Male",61,"50-54",4
"250",1975,"Male",61,"55-59",6
"251",1975,"Male",61,"60-64",4
"252",1975,"Male",61,"65-69",3
"253",1975,"Male",61,"70-74",1
"254",1975,"Male",61,"75-79",1
"255",1975,"Male",61,"80-84",NA
"256",1975,"Male",61,"85+",NA
"257",1975,"Female",37,"Under 15",NA
"258",1975,"Female",37,"15-19",2
"259",1975,"Female",37,"20-24",3
"260",1975,"Female",37,"25-29",3
"261",1975,"Female",37,"30-34",2
"262",1975,"Female",37,"35-39",4
"263",1975,"Female",37,"40-44",3
"264",1975,"Female",37,"45-49",2
"265",1975,"Female",37,"50-54",6
"266",1975,"Female",37,"55-59",2
"267",1975,"Female",37,"60-64",4
"268",1975,"Female",37,"65-69",3
"269",1975,"Female",37,"70-74",2
"270",1975,"Female",37,"75-79",NA
"271",1975,"Female",37,"80-84",1
"272",1975,"Female",37,"85+",NA
"273",1975,"TOTAL",98,"Under 15",3
"274",1975,"TOTAL",98,"15-19",3
"275",1975,"TOTAL",98,"20-24",14
"276",1975,"TOTAL",98,"25-29",9
"277",1975,"TOTAL",98,"30-34",7
"278",1975,"TOTAL",98,"35-39",7
"279",1975,"TOTAL",98,"40-44",7
"280",1975,"TOTAL",98,"45-49",11
"281",1975,"TOTAL",98,"50-54",10
"282",1975,"TOTAL",98,"55-59",8
"283",1975,"TOTAL",98,"60-64",8
"284",1975,"TOTAL",98,"65-69",6
"285",1975,"TOTAL",98,"70-74",3
"286",1975,"TOTAL",98,"75-79",1
"287",1975,"TOTAL",98,"80-84",1
"288",1975,"TOTAL",98,"85+",0
"289",1976,"Male",55,"Under 15",NA
"290",1976,"Male",55,"15-19",5
"291",1976,"Male",55,"20-24",10
"292",1976,"Male",55,"25-29",8
"293",1976,"Male",55,"30-34",2
"294",1976,"Male",55,"35-39",4
"295",1976,"Male",55,"40-44",6
"296",1976,"Male",55,"45-49",2
"297",1976,"Male",55,"50-54",3
"298",1976,"Male",55,"55-59",2
"299",1976,"Male",55,"60-64",6
"300",1976,"Male",55,"65-69",1
"301",1976,"Male",55,"70-74",5
"302",1976,"Male",55,"75-79",1
"303",1976,"Male",55,"80-84",NA
"304",1976,"Male",55,"85+",NA
"305",1976,"Female",39,"Under 15",NA
"306",1976,"Female",39,"15-19",NA
"307",1976,"Female",39,"20-24",2
"308",1976,"Female",39,"25-29",NA
"309",1976,"Female",39,"30-34",6
"310",1976,"Female",39,"35-39",3
"311",1976,"Female",39,"40-44",4
"312",1976,"Female",39,"45-49",5
"313",1976,"Female",39,"50-54",4
"314",1976,"Female",39,"55-59",4
"315",1976,"Female",39,"60-64",4
"316",1976,"Female",39,"65-69",5
"317",1976,"Female",39,"70-74",1
"318",1976,"Female",39,"75-79",1
"319",1976,"Female",39,"80-84",NA
"320",1976,"Female",39,"85+",NA
"321",1976,"TOTAL",94,"Under 15",0
"322",1976,"TOTAL",94,"15-19",5
"323",1976,"TOTAL",94,"20-24",12
"324",1976,"TOTAL",94,"25-29",8
"325",1976,"TOTAL",94,"30-34",8
"326",1976,"TOTAL",94,"35-39",7
"327",1976,"TOTAL",94,"40-44",10
"328",1976,"TOTAL",94,"45-49",7
"329",1976,"TOTAL",94,"50-54",7
"330",1976,"TOTAL",94,"55-59",6
"331",1976,"TOTAL",94,"60-64",10
"332",1976,"TOTAL",94,"65-69",6
"333",1976,"TOTAL",94,"70-74",6
"334",1976,"TOTAL",94,"75-79",2
"335",1976,"TOTAL",94,"80-84",0
"336",1976,"TOTAL",94,"85+",0
"337",1977,"Male",58,"Under 15",NA
"338",1977,"Male",58,"15-19",4
"339",1977,"Male",58,"20-24",8
"340",1977,"Male",58,"25-29",6
"341",1977,"Male",58,"30-34",5
"342",1977,"Male",58,"35-39",3
"343",1977,"Male",58,"40-44",6
"344",1977,"Male",58,"45-49",2
"345",1977,"Male",58,"50-54",3
"346",1977,"Male",58,"55-59",4
"347",1977,"Male",58,"60-64",5
"348",1977,"Male",58,"65-69",5
"349",1977,"Male",58,"70-74",7
"350",1977,"Male",58,"75-79",NA
"351",1977,"Male",58,"80-84",NA
"352",1977,"Male",58,"85+",NA
"353",1977,"Female",37,"Under 15",NA
"354",1977,"Female",37,"15-19",3
"355",1977,"Female",37,"20-24",1
"356",1977,"Female",37,"25-29",3
"357",1977,"Female",37,"30-34",2
"358",1977,"Female",37,"35-39",3
"359",1977,"Female",37,"40-44",3
"360",1977,"Female",37,"45-49",1
"361",1977,"Female",37,"50-54",7
"362",1977,"Female",37,"55-59",5
"363",1977,"Female",37,"60-64",2
"364",1977,"Female",37,"65-69",5
"365",1977,"Female",37,"70-74",1
"366",1977,"Female",37,"75-79",NA
"367",1977,"Female",37,"80-84",1
"368",1977,"Female",37,"85+",NA
"369",1977,"TOTAL",95,"Under 15",0
"370",1977,"TOTAL",95,"15-19",7
"371",1977,"TOTAL",95,"20-24",9
"372",1977,"TOTAL",95,"25-29",9
"373",1977,"TOTAL",95,"30-34",7
"374",1977,"TOTAL",95,"35-39",6
"375",1977,"TOTAL",95,"40-44",9
"376",1977,"TOTAL",95,"45-49",3
"377",1977,"TOTAL",95,"50-54",10
"378",1977,"TOTAL",95,"55-59",9
"379",1977,"TOTAL",95,"60-64",7
"380",1977,"TOTAL",95,"65-69",10
"381",1977,"TOTAL",95,"70-74",8
"382",1977,"TOTAL",95,"75-79",0
"383",1977,"TOTAL",95,"80-84",1
"384",1977,"TOTAL",95,"85+",0
"385",1978,"Male",66,"Under 15",1
"386",1978,"Male",66,"15-19",6
"387",1978,"Male",66,"20-24",6
"388",1978,"Male",66,"25-29",5
"389",1978,"Male",66,"30-34",3
"390",1978,"Male",66,"35-39",6
"391",1978,"Male",66,"40-44",5
"392",1978,"Male",66,"45-49",6
"393",1978,"Male",66,"50-54",7
"394",1978,"Male",66,"55-59",10
"395",1978,"Male",66,"60-64",3
"396",1978,"Male",66,"65-69",7
"397",1978,"Male",66,"70-74",NA
"398",1978,"Male",66,"75-79",1
"399",1978,"Male",66,"80-84",NA
"400",1978,"Male",66,"85+",NA
"401",1978,"Female",45,"Under 15",NA
"402",1978,"Female",45,"15-19",1
"403",1978,"Female",45,"20-24",4
"404",1978,"Female",45,"25-29",4
"405",1978,"Female",45,"30-34",3
"406",1978,"Female",45,"35-39",2
"407",1978,"Female",45,"40-44",1
"408",1978,"Female",45,"45-49",7
"409",1978,"Female",45,"50-54",7
"410",1978,"Female",45,"55-59",3
"411",1978,"Female",45,"60-64",2
"412",1978,"Female",45,"65-69",4
"413",1978,"Female",45,"70-74",3
"414",1978,"Female",45,"75-79",3
"415",1978,"Female",45,"80-84",1
"416",1978,"Female",45,"85+",NA
"417",1978,"TOTAL",111,"Under 15",1
"418",1978,"TOTAL",111,"15-19",7
"419",1978,"TOTAL",111,"20-24",10
"420",1978,"TOTAL",111,"25-29",9
"421",1978,"TOTAL",111,"30-34",6
"422",1978,"TOTAL",111,"35-39",8
"423",1978,"TOTAL",111,"40-44",6
"424",1978,"TOTAL",111,"45-49",13
"425",1978,"TOTAL",111,"50-54",14
"426",1978,"TOTAL",111,"55-59",13
"427",1978,"TOTAL",111,"60-64",5
"428",1978,"TOTAL",111,"65-69",11
"429",1978,"TOTAL",111,"70-74",3
"430",1978,"TOTAL",111,"75-79",4
"431",1978,"TOTAL",111,"80-84",1
"432",1978,"TOTAL",111,"85+",0
"433",1979,"Male",87,"Under 15",2
"434",1979,"Male",87,"15-19",6
"435",1979,"Male",87,"20-24",21
"436",1979,"Male",87,"25-29",7
"437",1979,"Male",87,"30-34",9
"438",1979,"Male",87,"35-39",5
"439",1979,"Male",87,"40-44",6
"440",1979,"Male",87,"45-49",3
"441",1979,"Male",87,"50-54",6
"442",1979,"Male",87,"55-59",11
"443",1979,"Male",87,"60-64",4
"444",1979,"Male",87,"65-69",3
"445",1979,"Male",87,"70-74",1
"446",1979,"Male",87,"75-79",3
"447",1979,"Male",87,"80-84",NA
"448",1979,"Male",87,"85+",NA
"449",1979,"Female",37,"Under 15",NA
"450",1979,"Female",37,"15-19",1
"451",1979,"Female",37,"20-24",2
"452",1979,"Female",37,"25-29",4
"453",1979,"Female",37,"30-34",2
"454",1979,"Female",37,"35-39",2
"455",1979,"Female",37,"40-44",5
"456",1979,"Female",37,"45-49",4
"457",1979,"Female",37,"50-54",6
"458",1979,"Female",37,"55-59",1
"459",1979,"Female",37,"60-64",5
"460",1979,"Female",37,"65-69",3
"461",1979,"Female",37,"70-74",2
"462",1979,"Female",37,"75-79",NA
"463",1979,"Female",37,"80-84",NA
"464",1979,"Female",37,"85+",NA
"465",1979,"TOTAL",124,"Under 15",2
"466",1979,"TOTAL",124,"15-19",7
"467",1979,"TOTAL",124,"20-24",23
"468",1979,"TOTAL",124,"25-29",11
"469",1979,"TOTAL",124,"30-34",11
"470",1979,"TOTAL",124,"35-39",7
"471",1979,"TOTAL",124,"40-44",11
"472",1979,"TOTAL",124,"45-49",7
"473",1979,"TOTAL",124,"50-54",12
"474",1979,"TOTAL",124,"55-59",12
"475",1979,"TOTAL",124,"60-64",9
"476",1979,"TOTAL",124,"65-69",6
"477",1979,"TOTAL",124,"70-74",3
"478",1979,"TOTAL",124,"75-79",3
"479",1979,"TOTAL",124,"80-84",0
"480",1979,"TOTAL",124,"85+",0
"481",1980,"Male",75,"Under 15",NA
"482",1980,"Male",75,"15-19",2
"483",1980,"Male",75,"20-24",11
"484",1980,"Male",75,"25-29",8
"485",1980,"Male",75,"30-34",4
"486",1980,"Male",75,"35-39",12
"487",1980,"Male",75,"40-44",8
"488",1980,"Male",75,"45-49",3
"489",1980,"Male",75,"50-54",5
"490",1980,"Male",75,"55-59",7
"491",1980,"Male",75,"60-64",6
"492",1980,"Male",75,"65-69",5
"493",1980,"Male",75,"70-74",2
"494",1980,"Male",75,"75-79",2
"495",1980,"Male",75,"80-84",NA
"496",1980,"Male",75,"85+",NA
"497",1980,"Female",43,"Under 15",NA
"498",1980,"Female",43,"15-19",3
"499",1980,"Female",43,"20-24",1
"500",1980,"Female",43,"25-29",5
"501",1980,"Female",43,"30-34",6
"502",1980,"Female",43,"35-39",2
"503",1980,"Female",43,"40-44",3
"504",1980,"Female",43,"45-49",4
"505",1980,"Female",43,"50-54",3
"506",1980,"Female",43,"55-59",4
"507",1980,"Female",43,"60-64",5
"508",1980,"Female",43,"65-69",1
"509",1980,"Female",43,"70-74",4
"510",1980,"Female",43,"75-79",1
"511",1980,"Female",43,"80-84",NA
"512",1980,"Female",43,"85+",1
"513",1980,"TOTAL",118,"Under 15",0
"514",1980,"TOTAL",118,"15-19",5
"515",1980,"TOTAL",118,"20-24",12
"516",1980,"TOTAL",118,"25-29",13
"517",1980,"TOTAL",118,"30-34",10
"518",1980,"TOTAL",118,"35-39",14
"519",1980,"TOTAL",118,"40-44",11
"520",1980,"TOTAL",118,"45-49",7
"521",1980,"TOTAL",118,"50-54",8
"522",1980,"TOTAL",118,"55-59",11
"523",1980,"TOTAL",118,"60-64",11
"524",1980,"TOTAL",118,"65-69",6
"525",1980,"TOTAL",118,"70-74",6
"526",1980,"TOTAL",118,"75-79",3
"527",1980,"TOTAL",118,"80-84",0
"528",1980,"TOTAL",118,"85+",1
"529",1981,"Male",102,"Under 15",1
"530",1981,"Male",102,"15-19",4
"531",1981,"Male",102,"20-24",12
"532",1981,"Male",102,"25-29",12
"533",1981,"Male",102,"30-34",12
"534",1981,"Male",102,"35-39",7
"535",1981,"Male",102,"40-44",7
"536",1981,"Male",102,"45-49",9
"537",1981,"Male",102,"50-54",6
"538",1981,"Male",102,"55-59",9
"539",1981,"Male",102,"60-64",8
"540",1981,"Male",102,"65-69",7
"541",1981,"Male",102,"70-74",4
"542",1981,"Male",102,"75-79",3
"543",1981,"Male",102,"80-84",NA
"544",1981,"Male",102,"85+",1
"545",1981,"Female",36,"Under 15",NA
"546",1981,"Female",36,"15-19",NA
"547",1981,"Female",36,"20-24",2
"548",1981,"Female",36,"25-29",3
"549",1981,"Female",36,"30-34",2
"550",1981,"Female",36,"35-39",2
"551",1981,"Female",36,"40-44",3
"552",1981,"Female",36,"45-49",2
"553",1981,"Female",36,"50-54",8
"554",1981,"Female",36,"55-59",7
"555",1981,"Female",36,"60-64",5
"556",1981,"Female",36,"65-69",1
"557",1981,"Female",36,"70-74",1
"558",1981,"Female",36,"75-79",NA
"559",1981,"Female",36,"80-84",NA
"560",1981,"Female",36,"85+",NA
"561",1981,"TOTAL",138,"Under 15",1
"562",1981,"TOTAL",138,"15-19",4
"563",1981,"TOTAL",138,"20-24",14
"564",1981,"TOTAL",138,"25-29",15
"565",1981,"TOTAL",138,"30-34",14
"566",1981,"TOTAL",138,"35-39",9
"567",1981,"TOTAL",138,"40-44",10
"568",1981,"TOTAL",138,"45-49",11
"569",1981,"TOTAL",138,"50-54",14
"570",1981,"TOTAL",138,"55-59",16
"571",1981,"TOTAL",138,"60-64",13
"572",1981,"TOTAL",138,"65-69",8
"573",1981,"TOTAL",138,"70-74",5
"574",1981,"TOTAL",138,"75-79",3
"575",1981,"TOTAL",138,"80-84",0
"576",1981,"TOTAL",138,"85+",1
"577",1982,"Male",71,"Under 15",1
"578",1982,"Male",71,"15-19",6
"579",1982,"Male",71,"20-24",7
"580",1982,"Male",71,"25-29",4
"581",1982,"Male",71,"30-34",10
"582",1982,"Male",71,"35-39",5
"583",1982,"Male",71,"40-44",8
"584",1982,"Male",71,"45-49",4
"585",1982,"Male",71,"50-54",4
"586",1982,"Male",71,"55-59",5
"587",1982,"Male",71,"60-64",7
"588",1982,"Male",71,"65-69",6
"589",1982,"Male",71,"70-74",4
"590",1982,"Male",71,"75-79",NA
"591",1982,"Male",71,"80-84",NA
"592",1982,"Male",71,"85+",NA
"593",1982,"Female",51,"Under 15",NA
"594",1982,"Female",51,"15-19",NA
"595",1982,"Female",51,"20-24",6
"596",1982,"Female",51,"25-29",2
"597",1982,"Female",51,"30-34",4
"598",1982,"Female",51,"35-39",4
"599",1982,"Female",51,"40-44",2
"600",1982,"Female",51,"45-49",2
"601",1982,"Female",51,"50-54",8
"602",1982,"Female",51,"55-59",7
"603",1982,"Female",51,"60-64",9
"604",1982,"Female",51,"65-69",3
"605",1982,"Female",51,"70-74",3
"606",1982,"Female",51,"75-79",1
"607",1982,"Female",51,"80-84",NA
"608",1982,"Female",51,"85+",NA
"609",1982,"TOTAL",122,"Under 15",1
"610",1982,"TOTAL",122,"15-19",6
"611",1982,"TOTAL",122,"20-24",13
"612",1982,"TOTAL",122,"25-29",6
"613",1982,"TOTAL",122,"30-34",14
"614",1982,"TOTAL",122,"35-39",9
"615",1982,"TOTAL",122,"40-44",10
"616",1982,"TOTAL",122,"45-49",6
"617",1982,"TOTAL",122,"50-54",12
"618",1982,"TOTAL",122,"55-59",12
"619",1982,"TOTAL",122,"60-64",16
"620",1982,"TOTAL",122,"65-69",9
"621",1982,"TOTAL",122,"70-74",7
"622",1982,"TOTAL",122,"75-79",1
"623",1982,"TOTAL",122,"80-84",0
"624",1982,"TOTAL",122,"85+",0
"625",1983,"Male",101,"Under 15",1
"626",1983,"Male",101,"15-19",8
"627",1983,"Male",101,"20-24",12
"628",1983,"Male",101,"25-29",8
"629",1983,"Male",101,"30-34",8
"630",1983,"Male",101,"35-39",6
"631",1983,"Male",101,"40-44",9
"632",1983,"Male",101,"45-49",9
"633",1983,"Male",101,"50-54",5
"634",1983,"Male",101,"55-59",12
"635",1983,"Male",101,"60-64",7
"636",1983,"Male",101,"65-69",4
"637",1983,"Male",101,"70-74",7
"638",1983,"Male",101,"75-79",2
"639",1983,"Male",101,"80-84",3
"640",1983,"Male",101,"85+",NA
"641",1983,"Female",62,"Under 15",1
"642",1983,"Female",62,"15-19",2
"643",1983,"Female",62,"20-24",1
"644",1983,"Female",62,"25-29",2
"645",1983,"Female",62,"30-34",5
"646",1983,"Female",62,"35-39",3
"647",1983,"Female",62,"40-44",10
"648",1983,"Female",62,"45-49",9
"649",1983,"Female",62,"50-54",1
"650",1983,"Female",62,"55-59",9
"651",1983,"Female",62,"60-64",9
"652",1983,"Female",62,"65-69",2
"653",1983,"Female",62,"70-74",4
"654",1983,"Female",62,"75-79",4
"655",1983,"Female",62,"80-84",NA
"656",1983,"Female",62,"85+",NA
"657",1983,"TOTAL",163,"Under 15",2
"658",1983,"TOTAL",163,"15-19",10
"659",1983,"TOTAL",163,"20-24",13
"660",1983,"TOTAL",163,"25-29",10
"661",1983,"TOTAL",163,"30-34",13
"662",1983,"TOTAL",163,"35-39",9
"663",1983,"TOTAL",163,"40-44",19
"664",1983,"TOTAL",163,"45-49",18
"665",1983,"TOTAL",163,"50-54",6
"666",1983,"TOTAL",163,"55-59",21
"667",1983,"TOTAL",163,"60-64",16
"668",1983,"TOTAL",163,"65-69",6
"669",1983,"TOTAL",163,"70-74",11
"670",1983,"TOTAL",163,"75-79",6
"671",1983,"TOTAL",163,"80-84",3
"672",1983,"TOTAL",163,"85+",0
"673",1984,"Male",82,"Under 15",NA
"674",1984,"Male",82,"15-19",1
"675",1984,"Male",82,"20-24",9
"676",1984,"Male",82,"25-29",7
"677",1984,"Male",82,"30-34",7
"678",1984,"Male",82,"35-39",9
"679",1984,"Male",82,"40-44",9
"680",1984,"Male",82,"45-49",8
"681",1984,"Male",82,"50-54",9
"682",1984,"Male",82,"55-59",8
"683",1984,"Male",82,"60-64",2
"684",1984,"Male",82,"65-69",3
"685",1984,"Male",82,"70-74",6
"686",1984,"Male",82,"75-79",4
"687",1984,"Male",82,"80-84",NA
"688",1984,"Male",82,"85+",NA
"689",1984,"Female",41,"Under 15",NA
"690",1984,"Female",41,"15-19",2
"691",1984,"Female",41,"20-24",3
"692",1984,"Female",41,"25-29",7
"693",1984,"Female",41,"30-34",1
"694",1984,"Female",41,"35-39",2
"695",1984,"Female",41,"40-44",3
"696",1984,"Female",41,"45-49",2
"697",1984,"Female",41,"50-54",2
"698",1984,"Female",41,"55-59",5
"699",1984,"Female",41,"60-64",8
"700",1984,"Female",41,"65-69",1
"701",1984,"Female",41,"70-74",3
"702",1984,"Female",41,"75-79",1
"703",1984,"Female",41,"80-84",1
"704",1984,"Female",41,"85+",NA
"705",1984,"TOTAL",123,"Under 15",0
"706",1984,"TOTAL",123,"15-19",3
"707",1984,"TOTAL",123,"20-24",12
"708",1984,"TOTAL",123,"25-29",14
"709",1984,"TOTAL",123,"30-34",8
"710",1984,"TOTAL",123,"35-39",11
"711",1984,"TOTAL",123,"40-44",12
"712",1984,"TOTAL",123,"45-49",10
"713",1984,"TOTAL",123,"50-54",11
"714",1984,"TOTAL",123,"55-59",13
"715",1984,"TOTAL",123,"60-64",10
"716",1984,"TOTAL",123,"65-69",4
"717",1984,"TOTAL",123,"70-74",9
"718",1984,"TOTAL",123,"75-79",5
"719",1984,"TOTAL",123,"80-84",1
"720",1984,"TOTAL",123,"85+",0
"721",1985,"Male",113,"Under 15",2
"722",1985,"Male",113,"15-19",8
"723",1985,"Male",113,"20-24",15
"724",1985,"Male",113,"25-29",12
"725",1985,"Male",113,"30-34",11
"726",1985,"Male",113,"35-39",13
"727",1985,"Male",113,"40-44",9
"728",1985,"Male",113,"45-49",6
"729",1985,"Male",113,"50-54",11
"730",1985,"Male",113,"55-59",12
"731",1985,"Male",113,"60-64",5
"732",1985,"Male",113,"65-69",3
"733",1985,"Male",113,"70-74",3
"734",1985,"Male",113,"75-79",2
"735",1985,"Male",113,"80-84",1
"736",1985,"Male",113,"85+",NA
"737",1985,"Female",44,"Under 15",NA
"738",1985,"Female",44,"15-19",2
"739",1985,"Female",44,"20-24",NA
"740",1985,"Female",44,"25-29",2
"741",1985,"Female",44,"30-34",1
"742",1985,"Female",44,"35-39",7
"743",1985,"Female",44,"40-44",3
"744",1985,"Female",44,"45-49",8
"745",1985,"Female",44,"50-54",3
"746",1985,"Female",44,"55-59",3
"747",1985,"Female",44,"60-64",6
"748",1985,"Female",44,"65-69",5
"749",1985,"Female",44,"70-74",3
"750",1985,"Female",44,"75-79",1
"751",1985,"Female",44,"80-84",NA
"752",1985,"Female",44,"85+",NA
"753",1985,"TOTAL",157,"Under 15",2
"754",1985,"TOTAL",157,"15-19",10
"755",1985,"TOTAL",157,"20-24",15
"756",1985,"TOTAL",157,"25-29",14
"757",1985,"TOTAL",157,"30-34",12
"758",1985,"TOTAL",157,"35-39",20
"759",1985,"TOTAL",157,"40-44",12
"760",1985,"TOTAL",157,"45-49",14
"761",1985,"TOTAL",157,"50-54",14
"762",1985,"TOTAL",157,"55-59",15
"763",1985,"TOTAL",157,"60-64",11
"764",1985,"TOTAL",157,"65-69",8
"765",1985,"TOTAL",157,"70-74",6
"766",1985,"TOTAL",157,"75-79",3
"767",1985,"TOTAL",157,"80-84",1
"768",1985,"TOTAL",157,"85+",0
"769",1986,"Male",123,"Under 15",NA
"770",1986,"Male",123,"15-19",12
"771",1986,"Male",123,"20-24",10
"772",1986,"Male",123,"25-29",11
"773",1986,"Male",123,"30-34",14
"774",1986,"Male",123,"35-39",12
"775",1986,"Male",123,"40-44",10
"776",1986,"Male",123,"45-49",8
"777",1986,"Male",123,"50-54",14
"778",1986,"Male",123,"55-59",7
"779",1986,"Male",123,"60-64",5
"780",1986,"Male",123,"65-69",3
"781",1986,"Male",123,"70-74",8
"782",1986,"Male",123,"75-79",3
"783",1986,"Male",123,"80-84",6
"784",1986,"Male",123,"85+",NA
"785",1986,"Female",51,"Under 15",1
"786",1986,"Female",51,"15-19",5
"787",1986,"Female",51,"20-24",3
"788",1986,"Female",51,"25-29",3
"789",1986,"Female",51,"30-34",2
"790",1986,"Female",51,"35-39",2
"791",1986,"Female",51,"40-44",6
"792",1986,"Female",51,"45-49",6
"793",1986,"Female",51,"50-54",2
"794",1986,"Female",51,"55-59",4
"795",1986,"Female",51,"60-64",4
"796",1986,"Female",51,"65-69",6
"797",1986,"Female",51,"70-74",3
"798",1986,"Female",51,"75-79",4
"799",1986,"Female",51,"80-84",NA
"800",1986,"Female",51,"85+",NA
"801",1986,"TOTAL",174,"Under 15",1
"802",1986,"TOTAL",174,"15-19",17
"803",1986,"TOTAL",174,"20-24",13
"804",1986,"TOTAL",174,"25-29",14
"805",1986,"TOTAL",174,"30-34",16
"806",1986,"TOTAL",174,"35-39",14
"807",1986,"TOTAL",174,"40-44",16
"808",1986,"TOTAL",174,"45-49",14
"809",1986,"TOTAL",174,"50-54",16
"810",1986,"TOTAL",174,"55-59",11
"811",1986,"TOTAL",174,"60-64",9
"812",1986,"TOTAL",174,"65-69",9
"813",1986,"TOTAL",174,"70-74",11
"814",1986,"TOTAL",174,"75-79",7
"815",1986,"TOTAL",174,"80-84",6
"816",1986,"TOTAL",174,"85+",0
"817",1987,"Male",80,"Under 15",1
"818",1987,"Male",80,"15-19",9
"819",1987,"Male",80,"20-24",13
"820",1987,"Male",80,"25-29",13
"821",1987,"Male",80,"30-34",4
"822",1987,"Male",80,"35-39",5
"823",1987,"Male",80,"40-44",8
"824",1987,"Male",80,"45-49",6
"825",1987,"Male",80,"50-54",6
"826",1987,"Male",80,"55-59",1
"827",1987,"Male",80,"60-64",4
"828",1987,"Male",80,"65-69",4
"829",1987,"Male",80,"70-74",1
"830",1987,"Male",80,"75-79",1
"831",1987,"Male",80,"80-84",2
"832",1987,"Male",80,"85+",2
"833",1987,"Female",42,"Under 15",1
"834",1987,"Female",42,"15-19",4
"835",1987,"Female",42,"20-24",3
"836",1987,"Female",42,"25-29",1
"837",1987,"Female",42,"30-34",4
"838",1987,"Female",42,"35-39",4
"839",1987,"Female",42,"40-44",4
"840",1987,"Female",42,"45-49",3
"841",1987,"Female",42,"50-54",3
"842",1987,"Female",42,"55-59",3
"843",1987,"Female",42,"60-64",2
"844",1987,"Female",42,"65-69",5
"845",1987,"Female",42,"70-74",3
"846",1987,"Female",42,"75-79",2
"847",1987,"Female",42,"80-84",NA
"848",1987,"Female",42,"85+",NA
"849",1987,"TOTAL",122,"Under 15",2
"850",1987,"TOTAL",122,"15-19",13
"851",1987,"TOTAL",122,"20-24",16
"852",1987,"TOTAL",122,"25-29",14
"853",1987,"TOTAL",122,"30-34",8
"854",1987,"TOTAL",122,"35-39",9
"855",1987,"TOTAL",122,"40-44",12
"856",1987,"TOTAL",122,"45-49",9
"857",1987,"TOTAL",122,"50-54",9
"858",1987,"TOTAL",122,"55-59",4
"859",1987,"TOTAL",122,"60-64",6
"860",1987,"TOTAL",122,"65-69",9
"861",1987,"TOTAL",122,"70-74",4
"862",1987,"TOTAL",122,"75-79",3
"863",1987,"TOTAL",122,"80-84",2
"864",1987,"TOTAL",122,"85+",2
"865",1988,"Male",139,"Under 15",1
"866",1988,"Male",139,"15-19",6
"867",1988,"Male",139,"20-24",32
"868",1988,"Male",139,"25-29",16
"869",1988,"Male",139,"30-34",12
"870",1988,"Male",139,"35-39",15
"871",1988,"Male",139,"40-44",7
"872",1988,"Male",139,"45-49",7
"873",1988,"Male",139,"50-54",6
"874",1988,"Male",139,"55-59",7
"875",1988,"Male",139,"60-64",18
"876",1988,"Male",139,"65-69",4
"877",1988,"Male",139,"70-74",5
"878",1988,"Male",139,"75-79",1
"879",1988,"Male",139,"80-84",2
"880",1988,"Male",139,"85+",NA
"881",1988,"Female",44,"Under 15",NA
"882",1988,"Female",44,"15-19",4
"883",1988,"Female",44,"20-24",3
"884",1988,"Female",44,"25-29",1
"885",1988,"Female",44,"30-34",4
"886",1988,"Female",44,"35-39",3
"887",1988,"Female",44,"40-44",6
"888",1988,"Female",44,"45-49",4
"889",1988,"Female",44,"50-54",5
"890",1988,"Female",44,"55-59",4
"891",1988,"Female",44,"60-64",3
"892",1988,"Female",44,"65-69",1
"893",1988,"Female",44,"70-74",4
"894",1988,"Female",44,"75-79",1
"895",1988,"Female",44,"80-84",1
"896",1988,"Female",44,"85+",NA
"897",1988,"TOTAL",183,"Under 15",1
"898",1988,"TOTAL",183,"15-19",10
"899",1988,"TOTAL",183,"20-24",35
"900",1988,"TOTAL",183,"25-29",17
"901",1988,"TOTAL",183,"30-34",16
"902",1988,"TOTAL",183,"35-39",18
"903",1988,"TOTAL",183,"40-44",13
"904",1988,"TOTAL",183,"45-49",11
"905",1988,"TOTAL",183,"50-54",11
"906",1988,"TOTAL",183,"55-59",11
"907",1988,"TOTAL",183,"60-64",21
"908",1988,"TOTAL",183,"65-69",5
"909",1988,"TOTAL",183,"70-74",9
"910",1988,"TOTAL",183,"75-79",2
"911",1988,"TOTAL",183,"80-84",3
"912",1988,"TOTAL",183,"85+",0
"913",1989,"Male",103,"Under 15",NA
"914",1989,"Male",103,"15-19",10
"915",1989,"Male",103,"20-24",9
"916",1989,"Male",103,"25-29",12
"917",1989,"Male",103,"30-34",13
"918",1989,"Male",103,"35-39",4
"919",1989,"Male",103,"40-44",8
"920",1989,"Male",103,"45-49",8
"921",1989,"Male",103,"50-54",5
"922",1989,"Male",103,"55-59",10
"923",1989,"Male",103,"60-64",7
"924",1989,"Male",103,"65-69",6
"925",1989,"Male",103,"70-74",3
"926",1989,"Male",103,"75-79",4
"927",1989,"Male",103,"80-84",4
"928",1989,"Male",103,"85+",NA
"929",1989,"Female",31,"Under 15",NA
"930",1989,"Female",31,"15-19",1
"931",1989,"Female",31,"20-24",3
"932",1989,"Female",31,"25-29",4
"933",1989,"Female",31,"30-34",2
"934",1989,"Female",31,"35-39",1
"935",1989,"Female",31,"40-44",4
"936",1989,"Female",31,"45-49",7
"937",1989,"Female",31,"50-54",1
"938",1989,"Female",31,"55-59",2
"939",1989,"Female",31,"60-64",3
"940",1989,"Female",31,"65-69",1
"941",1989,"Female",31,"70-74",2
"942",1989,"Female",31,"75-79",NA
"943",1989,"Female",31,"80-84",NA
"944",1989,"Female",31,"85+",NA
"945",1989,"TOTAL",134,"Under 15",0
"946",1989,"TOTAL",134,"15-19",11
"947",1989,"TOTAL",134,"20-24",12
"948",1989,"TOTAL",134,"25-29",16
"949",1989,"TOTAL",134,"30-34",15
"950",1989,"TOTAL",134,"35-39",5
"951",1989,"TOTAL",134,"40-44",12
"952",1989,"TOTAL",134,"45-49",15
"953",1989,"TOTAL",134,"50-54",6
"954",1989,"TOTAL",134,"55-59",12
"955",1989,"TOTAL",134,"60-64",10
"956",1989,"TOTAL",134,"65-69",7
"957",1989,"TOTAL",134,"70-74",5
"958",1989,"TOTAL",134,"75-79",4
"959",1989,"TOTAL",134,"80-84",4
"960",1989,"TOTAL",134,"85+",0
"961",1990,"Male",121,"Under 15",NA
"962",1990,"Male",121,"15-19",7
"963",1990,"Male",121,"20-24",11
"964",1990,"Male",121,"25-29",12
"965",1990,"Male",121,"30-34",19
"966",1990,"Male",121,"35-39",14
"967",1990,"Male",121,"40-44",7
"968",1990,"Male",121,"45-49",8
"969",1990,"Male",121,"50-54",6
"970",1990,"Male",121,"55-59",14
"971",1990,"Male",121,"60-64",9
"972",1990,"Male",121,"65-69",6
"973",1990,"Male",121,"70-74",4
"974",1990,"Male",121,"75-79",3
"975",1990,"Male",121,"80-84",1
"976",1990,"Male",121,"85+",NA
"977",1990,"Female",47,"Under 15",NA
"978",1990,"Female",47,"15-19",3
"979",1990,"Female",47,"20-24",3
"980",1990,"Female",47,"25-29",2
"981",1990,"Female",47,"30-34",2
"982",1990,"Female",47,"35-39",4
"983",1990,"Female",47,"40-44",6
"984",1990,"Female",47,"45-49",6
"985",1990,"Female",47,"50-54",7
"986",1990,"Female",47,"55-59",4
"987",1990,"Female",47,"60-64",2
"988",1990,"Female",47,"65-69",2
"989",1990,"Female",47,"70-74",3
"990",1990,"Female",47,"75-79",1
"991",1990,"Female",47,"80-84",1
"992",1990,"Female",47,"85+",1
"993",1990,"TOTAL",168,"Under 15",0
"994",1990,"TOTAL",168,"15-19",10
"995",1990,"TOTAL",168,"20-24",14
"996",1990,"TOTAL",168,"25-29",14
"997",1990,"TOTAL",168,"30-34",21
"998",1990,"TOTAL",168,"35-39",18
"999",1990,"TOTAL",168,"40-44",13
"1000",1990,"TOTAL",168,"45-49",14
"1001",1990,"TOTAL",168,"50-54",13
"1002",1990,"TOTAL",168,"55-59",18
"1003",1990,"TOTAL",168,"60-64",11
"1004",1990,"TOTAL",168,"65-69",8
"1005",1990,"TOTAL",168,"70-74",7
"1006",1990,"TOTAL",168,"75-79",4
"1007",1990,"TOTAL",168,"80-84",2
"1008",1990,"TOTAL",168,"85+",1
"1009",1991,"Male",105,"Under 15",1
"1010",1991,"Male",105,"15-19",4
"1011",1991,"Male",105,"20-24",18
"1012",1991,"Male",105,"25-29",9
"1013",1991,"Male",105,"30-34",16
"1014",1991,"Male",105,"35-39",8
"1015",1991,"Male",105,"40-44",10
"1016",1991,"Male",105,"45-49",11
"1017",1991,"Male",105,"50-54",7
"1018",1991,"Male",105,"55-59",5
"1019",1991,"Male",105,"60-64",4
"1020",1991,"Male",105,"65-69",6
"1021",1991,"Male",105,"70-74",2
"1022",1991,"Male",105,"75-79",4
"1023",1991,"Male",105,"80-84",NA
"1024",1991,"Male",105,"85+",NA
"1025",1991,"Female",43,"Under 15",NA
"1026",1991,"Female",43,"15-19",3
"1027",1991,"Female",43,"20-24",2
"1028",1991,"Female",43,"25-29",3
"1029",1991,"Female",43,"30-34",4
"1030",1991,"Female",43,"35-39",5
"1031",1991,"Female",43,"40-44",4
"1032",1991,"Female",43,"45-49",6
"1033",1991,"Female",43,"50-54",4
"1034",1991,"Female",43,"55-59",4
"1035",1991,"Female",43,"60-64",2
"1036",1991,"Female",43,"65-69",1
"1037",1991,"Female",43,"70-74",2
"1038",1991,"Female",43,"75-79",1
"1039",1991,"Female",43,"80-84",2
"1040",1991,"Female",43,"85+",NA
"1041",1991,"TOTAL",148,"Under 15",1
"1042",1991,"TOTAL",148,"15-19",7
"1043",1991,"TOTAL",148,"20-24",20
"1044",1991,"TOTAL",148,"25-29",12
"1045",1991,"TOTAL",148,"30-34",20
"1046",1991,"TOTAL",148,"35-39",13
"1047",1991,"TOTAL",148,"40-44",14
"1048",1991,"TOTAL",148,"45-49",17
"1049",1991,"TOTAL",148,"50-54",11
"1050",1991,"TOTAL",148,"55-59",9
"1051",1991,"TOTAL",148,"60-64",6
"1052",1991,"TOTAL",148,"65-69",7
"1053",1991,"TOTAL",148,"70-74",4
"1054",1991,"TOTAL",148,"75-79",5
"1055",1991,"TOTAL",148,"80-84",2
"1056",1991,"TOTAL",148,"85+",0
"1057",1992,"Male",103,"Under 15",NA
"1058",1992,"Male",103,"15-19",9
"1059",1992,"Male",103,"20-24",13
"1060",1992,"Male",103,"25-29",11
"1061",1992,"Male",103,"30-34",13
"1062",1992,"Male",103,"35-39",8
"1063",1992,"Male",103,"40-44",6
"1064",1992,"Male",103,"45-49",8
"1065",1992,"Male",103,"50-54",8
"1066",1992,"Male",103,"55-59",6
"1067",1992,"Male",103,"60-64",7
"1068",1992,"Male",103,"65-69",5
"1069",1992,"Male",103,"70-74",4
"1070",1992,"Male",103,"75-79",4
"1071",1992,"Male",103,"80-84",1
"1072",1992,"Male",103,"85+",NA
"1073",1992,"Female",25,"Under 15",NA
"1074",1992,"Female",25,"15-19",3
"1075",1992,"Female",25,"20-24",NA
"1076",1992,"Female",25,"25-29",2
"1077",1992,"Female",25,"30-34",2
"1078",1992,"Female",25,"35-39",4
"1079",1992,"Female",25,"40-44",1
"1080",1992,"Female",25,"45-49",3
"1081",1992,"Female",25,"50-54",NA
"1082",1992,"Female",25,"55-59",2
"1083",1992,"Female",25,"60-64",2
"1084",1992,"Female",25,"65-69",1
"1085",1992,"Female",25,"70-74",3
"1086",1992,"Female",25,"75-79",1
"1087",1992,"Female",25,"80-84",1
"1088",1992,"Female",25,"85+",NA
"1089",1992,"TOTAL",128,"Under 15",0
"1090",1992,"TOTAL",128,"15-19",12
"1091",1992,"TOTAL",128,"20-24",13
"1092",1992,"TOTAL",128,"25-29",13
"1093",1992,"TOTAL",128,"30-34",15
"1094",1992,"TOTAL",128,"35-39",12
"1095",1992,"TOTAL",128,"40-44",7
"1096",1992,"TOTAL",128,"45-49",11
"1097",1992,"TOTAL",128,"50-54",8
"1098",1992,"TOTAL",128,"55-59",8
"1099",1992,"TOTAL",128,"60-64",9
"1100",1992,"TOTAL",128,"65-69",6
"1101",1992,"TOTAL",128,"70-74",7
"1102",1992,"TOTAL",128,"75-79",5
"1103",1992,"TOTAL",128,"80-84",2
"1104",1992,"TOTAL",128,"85+",0
"1105",1993,"Male",120,"Under 15",2
"1106",1993,"Male",120,"15-19",11
"1107",1993,"Male",120,"20-24",22
"1108",1993,"Male",120,"25-29",19
"1109",1993,"Male",120,"30-34",12
"1110",1993,"Male",120,"35-39",6
"1111",1993,"Male",120,"40-44",13
"1112",1993,"Male",120,"45-49",9
"1113",1993,"Male",120,"50-54",5
"1114",1993,"Male",120,"55-59",7
"1115",1993,"Male",120,"60-64",3
"1116",1993,"Male",120,"65-69",5
"1117",1993,"Male",120,"70-74",2
"1118",1993,"Male",120,"75-79",4
"1119",1993,"Male",120,"80-84",NA
"1120",1993,"Male",120,"85+",NA
"1121",1993,"Female",31,"Under 15",NA
"1122",1993,"Female",31,"15-19",2
"1123",1993,"Female",31,"20-24",2
"1124",1993,"Female",31,"25-29",1
"1125",1993,"Female",31,"30-34",2
"1126",1993,"Female",31,"35-39",3
"1127",1993,"Female",31,"40-44",7
"1128",1993,"Female",31,"45-49",7
"1129",1993,"Female",31,"50-54",3
"1130",1993,"Female",31,"55-59",1
"1131",1993,"Female",31,"60-64",2
"1132",1993,"Female",31,"65-69",NA
"1133",1993,"Female",31,"70-74",1
"1134",1993,"Female",31,"75-79",NA
"1135",1993,"Female",31,"80-84",NA
"1136",1993,"Female",31,"85+",NA
"1137",1993,"TOTAL",151,"Under 15",2
"1138",1993,"TOTAL",151,"15-19",13
"1139",1993,"TOTAL",151,"20-24",24
"1140",1993,"TOTAL",151,"25-29",20
"1141",1993,"TOTAL",151,"30-34",14
"1142",1993,"TOTAL",151,"35-39",9
"1143",1993,"TOTAL",151,"40-44",20
"1144",1993,"TOTAL",151,"45-49",16
"1145",1993,"TOTAL",151,"50-54",8
"1146",1993,"TOTAL",151,"55-59",8
"1147",1993,"TOTAL",151,"60-64",5
"1148",1993,"TOTAL",151,"65-69",5
"1149",1993,"TOTAL",151,"70-74",3
"1150",1993,"TOTAL",151,"75-79",4
"1151",1993,"TOTAL",151,"80-84",0
"1152",1993,"TOTAL",151,"85+",0
"1153",1994,"Male",117,"Under 15",1
"1154",1994,"Male",117,"15-19",12
"1155",1994,"Male",117,"20-24",18
"1156",1994,"Male",117,"25-29",18
"1157",1994,"Male",117,"30-34",20
"1158",1994,"Male",117,"35-39",9
"1159",1994,"Male",117,"40-44",8
"1160",1994,"Male",117,"45-49",6
"1161",1994,"Male",117,"50-54",4
"1162",1994,"Male",117,"55-59",6
"1163",1994,"Male",117,"60-64",4
"1164",1994,"Male",117,"65-69",3
"1165",1994,"Male",117,"70-74",2
"1166",1994,"Male",117,"75-79",2
"1167",1994,"Male",117,"80-84",3
"1168",1994,"Male",117,"85+",1
"1169",1994,"Female",34,"Under 15",2
"1170",1994,"Female",34,"15-19",NA
"1171",1994,"Female",34,"20-24",1
"1172",1994,"Female",34,"25-29",7
"1173",1994,"Female",34,"30-34",NA
"1174",1994,"Female",34,"35-39",1
"1175",1994,"Female",34,"40-44",4
"1176",1994,"Female",34,"45-49",7
"1177",1994,"Female",34,"50-54",2
"1178",1994,"Female",34,"55-59",2
"1179",1994,"Female",34,"60-64",2
"1180",1994,"Female",34,"65-69",2
"1181",1994,"Female",34,"70-74",1
"1182",1994,"Female",34,"75-79",1
"1183",1994,"Female",34,"80-84",2
"1184",1994,"Female",34,"85+",NA
"1185",1994,"TOTAL",151,"Under 15",3
"1186",1994,"TOTAL",151,"15-19",12
"1187",1994,"TOTAL",151,"20-24",19
"1188",1994,"TOTAL",151,"25-29",25
"1189",1994,"TOTAL",151,"30-34",20
"1190",1994,"TOTAL",151,"35-39",10
"1191",1994,"TOTAL",151,"40-44",12
"1192",1994,"TOTAL",151,"45-49",13
"1193",1994,"TOTAL",151,"50-54",6
"1194",1994,"TOTAL",151,"55-59",8
"1195",1994,"TOTAL",151,"60-64",6
"1196",1994,"TOTAL",151,"65-69",5
"1197",1994,"TOTAL",151,"70-74",3
"1198",1994,"TOTAL",151,"75-79",3
"1199",1994,"TOTAL",151,"80-84",5
"1200",1994,"TOTAL",151,"85+",1
"1201",1995,"Male",105,"Under 15",NA
"1202",1995,"Male",105,"15-19",16
"1203",1995,"Male",105,"20-24",14
"1204",1995,"Male",105,"25-29",9
"1205",1995,"Male",105,"30-34",12
"1206",1995,"Male",105,"35-39",10
"1207",1995,"Male",105,"40-44",12
"1208",1995,"Male",105,"45-49",7
"1209",1995,"Male",105,"50-54",5
"1210",1995,"Male",105,"55-59",3
"1211",1995,"Male",105,"60-64",4
"1212",1995,"Male",105,"65-69",4
"1213",1995,"Male",105,"70-74",2
"1214",1995,"Male",105,"75-79",4
"1215",1995,"Male",105,"80-84",2
"1216",1995,"Male",105,"85+",1
"1217",1995,"Female",41,"Under 15",1
"1218",1995,"Female",41,"15-19",NA
"1219",1995,"Female",41,"20-24",4
"1220",1995,"Female",41,"25-29",2
"1221",1995,"Female",41,"30-34",1
"1222",1995,"Female",41,"35-39",7
"1223",1995,"Female",41,"40-44",3
"1224",1995,"Female",41,"45-49",3
"1225",1995,"Female",41,"50-54",4
"1226",1995,"Female",41,"55-59",4
"1227",1995,"Female",41,"60-64",4
"1228",1995,"Female",41,"65-69",3
"1229",1995,"Female",41,"70-74",2
"1230",1995,"Female",41,"75-79",1
"1231",1995,"Female",41,"80-84",2
"1232",1995,"Female",41,"85+",NA
"1233",1995,"TOTAL",146,"Under 15",1
"1234",1995,"TOTAL",146,"15-19",16
"1235",1995,"TOTAL",146,"20-24",18
"1236",1995,"TOTAL",146,"25-29",11
"1237",1995,"TOTAL",146,"30-34",13
"1238",1995,"TOTAL",146,"35-39",17
"1239",1995,"TOTAL",146,"40-44",15
"1240",1995,"TOTAL",146,"45-49",10
"1241",1995,"TOTAL",146,"50-54",9
"1242",1995,"TOTAL",146,"55-59",7
"1243",1995,"TOTAL",146,"60-64",8
"1244",1995,"TOTAL",146,"65-69",7
"1245",1995,"TOTAL",146,"70-74",4
"1246",1995,"TOTAL",146,"75-79",5
"1247",1995,"TOTAL",146,"80-84",4
"1248",1995,"TOTAL",146,"85+",1
"1249",1996,"Male",114,"Under 15",1
"1250",1996,"Male",114,"15-19",5
"1251",1996,"Male",114,"20-24",18
"1252",1996,"Male",114,"25-29",16
"1253",1996,"Male",114,"30-34",18
"1254",1996,"Male",114,"35-39",9
"1255",1996,"Male",114,"40-44",10
"1256",1996,"Male",114,"45-49",8
"1257",1996,"Male",114,"50-54",6
"1258",1996,"Male",114,"55-59",3
"1259",1996,"Male",114,"60-64",7
"1260",1996,"Male",114,"65-69",3
"1261",1996,"Male",114,"70-74",6
"1262",1996,"Male",114,"75-79",1
"1263",1996,"Male",114,"80-84",3
"1264",1996,"Male",114,"85+",NA
"1265",1996,"Female",29,"Under 15",NA
"1266",1996,"Female",29,"15-19",1
"1267",1996,"Female",29,"20-24",2
"1268",1996,"Female",29,"25-29",1
"1269",1996,"Female",29,"30-34",3
"1270",1996,"Female",29,"35-39",6
"1271",1996,"Female",29,"40-44",3
"1272",1996,"Female",29,"45-49",1
"1273",1996,"Female",29,"50-54",7
"1274",1996,"Female",29,"55-59",NA
"1275",1996,"Female",29,"60-64",NA
"1276",1996,"Female",29,"65-69",1
"1277",1996,"Female",29,"70-74",3
"1278",1996,"Female",29,"75-79",NA
"1279",1996,"Female",29,"80-84",1
"1280",1996,"Female",29,"85+",NA
"1281",1996,"TOTAL",143,"Under 15",1
"1282",1996,"TOTAL",143,"15-19",6
"1283",1996,"TOTAL",143,"20-24",20
"1284",1996,"TOTAL",143,"25-29",17
"1285",1996,"TOTAL",143,"30-34",21
"1286",1996,"TOTAL",143,"35-39",15
"1287",1996,"TOTAL",143,"40-44",13
"1288",1996,"TOTAL",143,"45-49",9
"1289",1996,"TOTAL",143,"50-54",13
"1290",1996,"TOTAL",143,"55-59",3
"1291",1996,"TOTAL",143,"60-64",7
"1292",1996,"TOTAL",143,"65-69",4
"1293",1996,"TOTAL",143,"70-74",9
"1294",1996,"TOTAL",143,"75-79",1
"1295",1996,"TOTAL",143,"80-84",4
"1296",1996,"TOTAL",143,"85+",0
"1297",1997,"Male",108,"Under 15",1
"1298",1997,"Male",108,"15-19",9
"1299",1997,"Male",108,"20-24",16
"1300",1997,"Male",108,"25-29",16
"1301",1997,"Male",108,"30-34",12
"1302",1997,"Male",108,"35-39",10
"1303",1997,"Male",108,"40-44",7
"1304",1997,"Male",108,"45-49",9
"1305",1997,"Male",108,"50-54",10
"1306",1997,"Male",108,"55-59",5
"1307",1997,"Male",108,"60-64",3
"1308",1997,"Male",108,"65-69",3
"1309",1997,"Male",108,"70-74",4
"1310",1997,"Male",108,"75-79",NA
"1311",1997,"Male",108,"80-84",1
"1312",1997,"Male",108,"85+",2
"1313",1997,"Female",30,"Under 15",1
"1314",1997,"Female",30,"15-19",3
"1315",1997,"Female",30,"20-24",3
"1316",1997,"Female",30,"25-29",1
"1317",1997,"Female",30,"30-34",3
"1318",1997,"Female",30,"35-39",1
"1319",1997,"Female",30,"40-44",3
"1320",1997,"Female",30,"45-49",6
"1321",1997,"Female",30,"50-54",1
"1322",1997,"Female",30,"55-59",2
"1323",1997,"Female",30,"60-64",3
"1324",1997,"Female",30,"65-69",1
"1325",1997,"Female",30,"70-74",2
"1326",1997,"Female",30,"75-79",NA
"1327",1997,"Female",30,"80-84",NA
"1328",1997,"Female",30,"85+",NA
"1329",1997,"TOTAL",138,"Under 15",2
"1330",1997,"TOTAL",138,"15-19",12
"1331",1997,"TOTAL",138,"20-24",19
"1332",1997,"TOTAL",138,"25-29",17
"1333",1997,"TOTAL",138,"30-34",15
"1334",1997,"TOTAL",138,"35-39",11
"1335",1997,"TOTAL",138,"40-44",10
"1336",1997,"TOTAL",138,"45-49",15
"1337",1997,"TOTAL",138,"50-54",11
"1338",1997,"TOTAL",138,"55-59",7
"1339",1997,"TOTAL",138,"60-64",6
"1340",1997,"TOTAL",138,"65-69",4
"1341",1997,"TOTAL",138,"70-74",6
"1342",1997,"TOTAL",138,"75-79",0
"1343",1997,"TOTAL",138,"80-84",1
"1344",1997,"TOTAL",138,"85+",2
"1345",1998,"Male",113,"Under 15",1
"1346",1998,"Male",113,"15-19",13
"1347",1998,"Male",113,"20-24",14
"1348",1998,"Male",113,"25-29",17
"1349",1998,"Male",113,"30-34",20
"1350",1998,"Male",113,"35-39",6
"1351",1998,"Male",113,"40-44",13
"1352",1998,"Male",113,"45-49",8
"1353",1998,"Male",113,"50-54",5
"1354",1998,"Male",113,"55-59",3
"1355",1998,"Male",113,"60-64",5
"1356",1998,"Male",113,"65-69",4
"1357",1998,"Male",113,"70-74",3
"1358",1998,"Male",113,"75-79",NA
"1359",1998,"Male",113,"80-84",NA
"1360",1998,"Male",113,"85+",1
"1361",1998,"Female",37,"Under 15",NA
"1362",1998,"Female",37,"15-19",5
"1363",1998,"Female",37,"20-24",NA
"1364",1998,"Female",37,"25-29",4
"1365",1998,"Female",37,"30-34",4
"1366",1998,"Female",37,"35-39",8
"1367",1998,"Female",37,"40-44",4
"1368",1998,"Female",37,"45-49",4
"1369",1998,"Female",37,"50-54",2
"1370",1998,"Female",37,"55-59",2
"1371",1998,"Female",37,"60-64",1
"1372",1998,"Female",37,"65-69",3
"1373",1998,"Female",37,"70-74",NA
"1374",1998,"Female",37,"75-79",NA
"1375",1998,"Female",37,"80-84",NA
"1376",1998,"Female",37,"85+",NA
"1377",1998,"TOTAL",150,"Under 15",1
"1378",1998,"TOTAL",150,"15-19",18
"1379",1998,"TOTAL",150,"20-24",14
"1380",1998,"TOTAL",150,"25-29",21
"1381",1998,"TOTAL",150,"30-34",24
"1382",1998,"TOTAL",150,"35-39",14
"1383",1998,"TOTAL",150,"40-44",17
"1384",1998,"TOTAL",150,"45-49",12
"1385",1998,"TOTAL",150,"50-54",7
"1386",1998,"TOTAL",150,"55-59",5
"1387",1998,"TOTAL",150,"60-64",6
"1388",1998,"TOTAL",150,"65-69",7
"1389",1998,"TOTAL",150,"70-74",3
"1390",1998,"TOTAL",150,"75-79",0
"1391",1998,"TOTAL",150,"80-84",0
"1392",1998,"TOTAL",150,"85+",1
"1393",1999,"Male",127,"Under 15",NA
"1394",1999,"Male",127,"15-19",12
"1395",1999,"Male",127,"20-24",19
"1396",1999,"Male",127,"25-29",18
"1397",1999,"Male",127,"30-34",19
"1398",1999,"Male",127,"35-39",12
"1399",1999,"Male",127,"40-44",14
"1400",1999,"Male",127,"45-49",9
"1401",1999,"Male",127,"50-54",8
"1402",1999,"Male",127,"55-59",5
"1403",1999,"Male",127,"60-64",3
"1404",1999,"Male",127,"65-69",3
"1405",1999,"Male",127,"70-74",1
"1406",1999,"Male",127,"75-79",NA
"1407",1999,"Male",127,"80-84",3
"1408",1999,"Male",127,"85+",1
"1409",1999,"Female",27,"Under 15",NA
"1410",1999,"Female",27,"15-19",5
"1411",1999,"Female",27,"20-24",4
"1412",1999,"Female",27,"25-29",1
"1413",1999,"Female",27,"30-34",2
"1414",1999,"Female",27,"35-39",5
"1415",1999,"Female",27,"40-44",2
"1416",1999,"Female",27,"45-49",1
"1417",1999,"Female",27,"50-54",3
"1418",1999,"Female",27,"55-59",1
"1419",1999,"Female",27,"60-64",NA
"1420",1999,"Female",27,"65-69",2
"1421",1999,"Female",27,"70-74",NA
"1422",1999,"Female",27,"75-79",NA
"1423",1999,"Female",27,"80-84",1
"1424",1999,"Female",27,"85+",NA
"1425",1999,"TOTAL",154,"Under 15",0
"1426",1999,"TOTAL",154,"15-19",17
"1427",1999,"TOTAL",154,"20-24",23
"1428",1999,"TOTAL",154,"25-29",19
"1429",1999,"TOTAL",154,"30-34",21
"1430",1999,"TOTAL",154,"35-39",17
"1431",1999,"TOTAL",154,"40-44",16
"1432",1999,"TOTAL",154,"45-49",10
"1433",1999,"TOTAL",154,"50-54",11
"1434",1999,"TOTAL",154,"55-59",6
"1435",1999,"TOTAL",154,"60-64",3
"1436",1999,"TOTAL",154,"65-69",5
"1437",1999,"TOTAL",154,"70-74",1
"1438",1999,"TOTAL",154,"75-79",0
"1439",1999,"TOTAL",154,"80-84",4
"1440",1999,"TOTAL",154,"85+",1
"1441",2000,"Male",140,"Under 15",NA
"1442",2000,"Male",140,"15-19",13
"1443",2000,"Male",140,"20-24",25
"1444",2000,"Male",140,"25-29",25
"1445",2000,"Male",140,"30-34",15
"1446",2000,"Male",140,"35-39",12
"1447",2000,"Male",140,"40-44",18
"1448",2000,"Male",140,"45-49",6
"1449",2000,"Male",140,"50-54",6
"1450",2000,"Male",140,"55-59",8
"1451",2000,"Male",140,"60-64",5
"1452",2000,"Male",140,"65-69",5
"1453",2000,"Male",140,"70-74",NA
"1454",2000,"Male",140,"75-79",1
"1455",2000,"Male",140,"80-84",1
"1456",2000,"Male",140,"85+",NA
"1457",2000,"Female",45,"Under 15",NA
"1458",2000,"Female",45,"15-19",6
"1459",2000,"Female",45,"20-24",NA
"1460",2000,"Female",45,"25-29",5
"1461",2000,"Female",45,"30-34",4
"1462",2000,"Female",45,"35-39",3
"1463",2000,"Female",45,"40-44",8
"1464",2000,"Female",45,"45-49",5
"1465",2000,"Female",45,"50-54",7
"1466",2000,"Female",45,"55-59",2
"1467",2000,"Female",45,"60-64",1
"1468",2000,"Female",45,"65-69",1
"1469",2000,"Female",45,"70-74",NA
"1470",2000,"Female",45,"75-79",1
"1471",2000,"Female",45,"80-84",1
"1472",2000,"Female",45,"85+",1
"1473",2000,"TOTAL",185,"Under 15",0
"1474",2000,"TOTAL",185,"15-19",19
"1475",2000,"TOTAL",185,"20-24",25
"1476",2000,"TOTAL",185,"25-29",30
"1477",2000,"TOTAL",185,"30-34",19
"1478",2000,"TOTAL",185,"35-39",15
"1479",2000,"TOTAL",185,"40-44",26
"1480",2000,"TOTAL",185,"45-49",11
"1481",2000,"TOTAL",185,"50-54",13
"1482",2000,"TOTAL",185,"55-59",10
"1483",2000,"TOTAL",185,"60-64",6
"1484",2000,"TOTAL",185,"65-69",6
"1485",2000,"TOTAL",185,"70-74",0
"1486",2000,"TOTAL",185,"75-79",2
"1487",2000,"TOTAL",185,"80-84",2
"1488",2000,"TOTAL",185,"85+",1
"1489",2001,"Male",132,"Under 15",NA
"1490",2001,"Male",132,"15-19",11
"1491",2001,"Male",132,"20-24",21
"1492",2001,"Male",132,"25-29",11
"1493",2001,"Male",132,"30-34",23
"1494",2001,"Male",132,"35-39",14
"1495",2001,"Male",132,"40-44",14
"1496",2001,"Male",132,"45-49",11
"1497",2001,"Male",132,"50-54",9
"1498",2001,"Male",132,"55-59",2
"1499",2001,"Male",132,"60-64",2
"1500",2001,"Male",132,"65-69",5
"1501",2001,"Male",132,"70-74",5
"1502",2001,"Male",132,"75-79",2
"1503",2001,"Male",132,"80-84",2
"1504",2001,"Male",132,"85+",NA
"1505",2001,"Female",26,"Under 15",1
"1506",2001,"Female",26,"15-19",1
"1507",2001,"Female",26,"20-24",1
"1508",2001,"Female",26,"25-29",3
"1509",2001,"Female",26,"30-34",2
"1510",2001,"Female",26,"35-39",1
"1511",2001,"Female",26,"40-44",3
"1512",2001,"Female",26,"45-49",5
"1513",2001,"Female",26,"50-54",2
"1514",2001,"Female",26,"55-59",2
"1515",2001,"Female",26,"60-64",NA
"1516",2001,"Female",26,"65-69",1
"1517",2001,"Female",26,"70-74",3
"1518",2001,"Female",26,"75-79",NA
"1519",2001,"Female",26,"80-84",1
"1520",2001,"Female",26,"85+",NA
"1521",2001,"TOTAL",158,"Under 15",1
"1522",2001,"TOTAL",158,"15-19",12
"1523",2001,"TOTAL",158,"20-24",22
"1524",2001,"TOTAL",158,"25-29",14
"1525",2001,"TOTAL",158,"30-34",25
"1526",2001,"TOTAL",158,"35-39",15
"1527",2001,"TOTAL",158,"40-44",17
"1528",2001,"TOTAL",158,"45-49",16
"1529",2001,"TOTAL",158,"50-54",11
"1530",2001,"TOTAL",158,"55-59",4
"1531",2001,"TOTAL",158,"60-64",2
"1532",2001,"TOTAL",158,"65-69",6
"1533",2001,"TOTAL",158,"70-74",8
"1534",2001,"TOTAL",158,"75-79",2
"1535",2001,"TOTAL",158,"80-84",3
"1536",2001,"TOTAL",158,"85+",0
"1537",2002,"Male",142,"Under 15",1
"1538",2002,"Male",142,"15-19",10
"1539",2002,"Male",142,"20-24",12
"1540",2002,"Male",142,"25-29",31
"1541",2002,"Male",142,"30-34",18
"1542",2002,"Male",142,"35-39",12
"1543",2002,"Male",142,"40-44",14
"1544",2002,"Male",142,"45-49",13
"1545",2002,"Male",142,"50-54",16
"1546",2002,"Male",142,"55-59",3
"1547",2002,"Male",142,"60-64",3
"1548",2002,"Male",142,"65-69",4
"1549",2002,"Male",142,"70-74",1
"1550",2002,"Male",142,"75-79",3
"1551",2002,"Male",142,"80-84",NA
"1552",2002,"Male",142,"85+",1
"1553",2002,"Female",41,"Under 15",1
"1554",2002,"Female",41,"15-19",2
"1555",2002,"Female",41,"20-24",NA
"1556",2002,"Female",41,"25-29",5
"1557",2002,"Female",41,"30-34",10
"1558",2002,"Female",41,"35-39",4
"1559",2002,"Female",41,"40-44",4
"1560",2002,"Female",41,"45-49",7
"1561",2002,"Female",41,"50-54",1
"1562",2002,"Female",41,"55-59",2
"1563",2002,"Female",41,"60-64",1
"1564",2002,"Female",41,"65-69",NA
"1565",2002,"Female",41,"70-74",1
"1566",2002,"Female",41,"75-79",2
"1567",2002,"Female",41,"80-84",1
"1568",2002,"Female",41,"85+",NA
"1569",2002,"TOTAL",183,"Under 15",2
"1570",2002,"TOTAL",183,"15-19",12
"1571",2002,"TOTAL",183,"20-24",12
"1572",2002,"TOTAL",183,"25-29",36
"1573",2002,"TOTAL",183,"30-34",28
"1574",2002,"TOTAL",183,"35-39",16
"1575",2002,"TOTAL",183,"40-44",18
"1576",2002,"TOTAL",183,"45-49",20
"1577",2002,"TOTAL",183,"50-54",17
"1578",2002,"TOTAL",183,"55-59",5
"1579",2002,"TOTAL",183,"60-64",4
"1580",2002,"TOTAL",183,"65-69",4
"1581",2002,"TOTAL",183,"70-74",2
"1582",2002,"TOTAL",183,"75-79",5
"1583",2002,"TOTAL",183,"80-84",1
"1584",2002,"TOTAL",183,"85+",1
"1585",2003,"Male",112,"Under 15",1
"1586",2003,"Male",112,"15-19",4
"1587",2003,"Male",112,"20-24",14
"1588",2003,"Male",112,"25-29",15
"1589",2003,"Male",112,"30-34",10
"1590",2003,"Male",112,"35-39",14
"1591",2003,"Male",112,"40-44",13
"1592",2003,"Male",112,"45-49",15
"1593",2003,"Male",112,"50-54",6
"1594",2003,"Male",112,"55-59",5
"1595",2003,"Male",112,"60-64",5
"1596",2003,"Male",112,"65-69",4
"1597",2003,"Male",112,"70-74",2
"1598",2003,"Male",112,"75-79",1
"1599",2003,"Male",112,"80-84",3
"1600",2003,"Male",112,"85+",NA
"1601",2003,"Female",32,"Under 15",NA
"1602",2003,"Female",32,"15-19",1
"1603",2003,"Female",32,"20-24",4
"1604",2003,"Female",32,"25-29",NA
"1605",2003,"Female",32,"30-34",8
"1606",2003,"Female",32,"35-39",4
"1607",2003,"Female",32,"40-44",4
"1608",2003,"Female",32,"45-49",5
"1609",2003,"Female",32,"50-54",3
"1610",2003,"Female",32,"55-59",1
"1611",2003,"Female",32,"60-64",1
"1612",2003,"Female",32,"65-69",1
"1613",2003,"Female",32,"70-74",NA
"1614",2003,"Female",32,"75-79",NA
"1615",2003,"Female",32,"80-84",NA
"1616",2003,"Female",32,"85+",NA
"1617",2003,"TOTAL",144,"Under 15",1
"1618",2003,"TOTAL",144,"15-19",5
"1619",2003,"TOTAL",144,"20-24",18
"1620",2003,"TOTAL",144,"25-29",15
"1621",2003,"TOTAL",144,"30-34",18
"1622",2003,"TOTAL",144,"35-39",18
"1623",2003,"TOTAL",144,"40-44",17
"1624",2003,"TOTAL",144,"45-49",20
"1625",2003,"TOTAL",144,"50-54",9
"1626",2003,"TOTAL",144,"55-59",6
"1627",2003,"TOTAL",144,"60-64",6
"1628",2003,"TOTAL",144,"65-69",5
"1629",2003,"TOTAL",144,"70-74",2
"1630",2003,"TOTAL",144,"75-79",1
"1631",2003,"TOTAL",144,"80-84",3
"1632",2003,"TOTAL",144,"85+",0
"1633",2004,"Male",105,"Under 15",NA
"1634",2004,"Male",105,"15-19",7
"1635",2004,"Male",105,"20-24",12
"1636",2004,"Male",105,"25-29",5
"1637",2004,"Male",105,"30-34",13
"1638",2004,"Male",105,"35-39",16
"1639",2004,"Male",105,"40-44",10
"1640",2004,"Male",105,"45-49",17
"1641",2004,"Male",105,"50-54",7
"1642",2004,"Male",105,"55-59",5
"1643",2004,"Male",105,"60-64",5
"1644",2004,"Male",105,"65-69",3
"1645",2004,"Male",105,"70-74",1
"1646",2004,"Male",105,"75-79",2
"1647",2004,"Male",105,"80-84",1
"1648",2004,"Male",105,"85+",1
"1649",2004,"Female",41,"Under 15",NA
"1650",2004,"Female",41,"15-19",2
"1651",2004,"Female",41,"20-24",3
"1652",2004,"Female",41,"25-29",5
"1653",2004,"Female",41,"30-34",5
"1654",2004,"Female",41,"35-39",4
"1655",2004,"Female",41,"40-44",3
"1656",2004,"Female",41,"45-49",3
"1657",2004,"Female",41,"50-54",6
"1658",2004,"Female",41,"55-59",2
"1659",2004,"Female",41,"60-64",3
"1660",2004,"Female",41,"65-69",3
"1661",2004,"Female",41,"70-74",1
"1662",2004,"Female",41,"75-79",1
"1663",2004,"Female",41,"80-84",NA
"1664",2004,"Female",41,"85+",NA
"1665",2004,"TOTAL",146,"Under 15",0
"1666",2004,"TOTAL",146,"15-19",9
"1667",2004,"TOTAL",146,"20-24",15
"1668",2004,"TOTAL",146,"25-29",10
"1669",2004,"TOTAL",146,"30-34",18
"1670",2004,"TOTAL",146,"35-39",20
"1671",2004,"TOTAL",146,"40-44",13
"1672",2004,"TOTAL",146,"45-49",20
"1673",2004,"TOTAL",146,"50-54",13
"1674",2004,"TOTAL",146,"55-59",7
"1675",2004,"TOTAL",146,"60-64",8
"1676",2004,"TOTAL",146,"65-69",6
"1677",2004,"TOTAL",146,"70-74",2
"1678",2004,"TOTAL",146,"75-79",3
"1679",2004,"TOTAL",146,"80-84",1
"1680",2004,"TOTAL",146,"85+",1
"1681",2005,"Male",167,"Under 15",2
"1682",2005,"Male",167,"15-19",15
"1683",2005,"Male",167,"20-24",15
"1684",2005,"Male",167,"25-29",17
"1685",2005,"Male",167,"30-34",19
"1686",2005,"Male",167,"35-39",19
"1687",2005,"Male",167,"40-44",20
"1688",2005,"Male",167,"45-49",12
"1689",2005,"Male",167,"50-54",19
"1690",2005,"Male",167,"55-59",7
"1691",2005,"Male",167,"60-64",11
"1692",2005,"Male",167,"65-69",5
"1693",2005,"Male",167,"70-74",3
"1694",2005,"Male",167,"75-79",1
"1695",2005,"Male",167,"80-84",2
"1696",2005,"Male",167,"85+",NA
"1697",2005,"Female",46,"Under 15",NA
"1698",2005,"Female",46,"15-19",2
"1699",2005,"Female",46,"20-24",1
"1700",2005,"Female",46,"25-29",2
"1701",2005,"Female",46,"30-34",6
"1702",2005,"Female",46,"35-39",3
"1703",2005,"Female",46,"40-44",3
"1704",2005,"Female",46,"45-49",5
"1705",2005,"Female",46,"50-54",4
"1706",2005,"Female",46,"55-59",9
"1707",2005,"Female",46,"60-64",4
"1708",2005,"Female",46,"65-69",1
"1709",2005,"Female",46,"70-74",3
"1710",2005,"Female",46,"75-79",2
"1711",2005,"Female",46,"80-84",1
"1712",2005,"Female",46,"85+",NA
"1713",2005,"TOTAL",213,"Under 15",2
"1714",2005,"TOTAL",213,"15-19",17
"1715",2005,"TOTAL",213,"20-24",16
"1716",2005,"TOTAL",213,"25-29",19
"1717",2005,"TOTAL",213,"30-34",25
"1718",2005,"TOTAL",213,"35-39",22
"1719",2005,"TOTAL",213,"40-44",23
"1720",2005,"TOTAL",213,"45-49",17
"1721",2005,"TOTAL",213,"50-54",23
"1722",2005,"TOTAL",213,"55-59",16
"1723",2005,"TOTAL",213,"60-64",15
"1724",2005,"TOTAL",213,"65-69",6
"1725",2005,"TOTAL",213,"70-74",6
"1726",2005,"TOTAL",213,"75-79",3
"1727",2005,"TOTAL",213,"80-84",3
"1728",2005,"TOTAL",213,"85+",0
"1729",2006,"Male",227,"Under 15",1
"1730",2006,"Male",227,"15-19",17
"1731",2006,"Male",227,"20-24",28
"1732",2006,"Male",227,"25-29",24
"1733",2006,"Male",227,"30-34",24
"1734",2006,"Male",227,"35-39",26
"1735",2006,"Male",227,"40-44",26
"1736",2006,"Male",227,"45-49",27
"1737",2006,"Male",227,"50-54",19
"1738",2006,"Male",227,"55-59",13
"1739",2006,"Male",227,"60-64",12
"1740",2006,"Male",227,"65-69",4
"1741",2006,"Male",227,"70-74",3
"1742",2006,"Male",227,"75-79",1
"1743",2006,"Male",227,"80-84",2
"1744",2006,"Male",227,"85+",NA
"1745",2006,"Female",64,"Under 15",2
"1746",2006,"Female",64,"15-19",6
"1747",2006,"Female",64,"20-24",6
"1748",2006,"Female",64,"25-29",4
"1749",2006,"Female",64,"30-34",3
"1750",2006,"Female",64,"35-39",12
"1751",2006,"Female",64,"40-44",5
"1752",2006,"Female",64,"45-49",5
"1753",2006,"Female",64,"50-54",10
"1754",2006,"Female",64,"55-59",3
"1755",2006,"Female",64,"60-64",4
"1756",2006,"Female",64,"65-69",2
"1757",2006,"Female",64,"70-74",NA
"1758",2006,"Female",64,"75-79",1
"1759",2006,"Female",64,"80-84",NA
"1760",2006,"Female",64,"85+",1
"1761",2006,"TOTAL",291,"Under 15",3
"1762",2006,"TOTAL",291,"15-19",23
"1763",2006,"TOTAL",291,"20-24",34
"1764",2006,"TOTAL",291,"25-29",28
"1765",2006,"TOTAL",291,"30-34",27
"1766",2006,"TOTAL",291,"35-39",38
"1767",2006,"TOTAL",291,"40-44",31
"1768",2006,"TOTAL",291,"45-49",32
"1769",2006,"TOTAL",291,"50-54",29
"1770",2006,"TOTAL",291,"55-59",16
"1771",2006,"TOTAL",291,"60-64",16
"1772",2006,"TOTAL",291,"65-69",6
"1773",2006,"TOTAL",291,"70-74",3
"1774",2006,"TOTAL",291,"75-79",2
"1775",2006,"TOTAL",291,"80-84",2
"1776",2006,"TOTAL",291,"85+",1
"1777",2007,"Male",175,"Under 15",3
"1778",2007,"Male",175,"15-19",11
"1779",2007,"Male",175,"20-24",18
"1780",2007,"Male",175,"25-29",14
"1781",2007,"Male",175,"30-34",16
"1782",2007,"Male",175,"35-39",21
"1783",2007,"Male",175,"40-44",20
"1784",2007,"Male",175,"45-49",22
"1785",2007,"Male",175,"50-54",12
"1786",2007,"Male",175,"55-59",15
"1787",2007,"Male",175,"60-64",6
"1788",2007,"Male",175,"65-69",7
"1789",2007,"Male",175,"70-74",1
"1790",2007,"Male",175,"75-79",8
"1791",2007,"Male",175,"80-84",NA
"1792",2007,"Male",175,"85+",1
"1793",2007,"Female",67,"Under 15",1
"1794",2007,"Female",67,"15-19",2
"1795",2007,"Female",67,"20-24",6
"1796",2007,"Female",67,"25-29",6
"1797",2007,"Female",67,"30-34",7
"1798",2007,"Female",67,"35-39",3
"1799",2007,"Female",67,"40-44",8
"1800",2007,"Female",67,"45-49",8
"1801",2007,"Female",67,"50-54",9
"1802",2007,"Female",67,"55-59",7
"1803",2007,"Female",67,"60-64",2
"1804",2007,"Female",67,"65-69",6
"1805",2007,"Female",67,"70-74",1
"1806",2007,"Female",67,"75-79",1
"1807",2007,"Female",67,"80-84",NA
"1808",2007,"Female",67,"85+",NA
"1809",2007,"TOTAL",242,"Under 15",4
"1810",2007,"TOTAL",242,"15-19",13
"1811",2007,"TOTAL",242,"20-24",24
"1812",2007,"TOTAL",242,"25-29",20
"1813",2007,"TOTAL",242,"30-34",23
"1814",2007,"TOTAL",242,"35-39",24
"1815",2007,"TOTAL",242,"40-44",28
"1816",2007,"TOTAL",242,"45-49",30
"1817",2007,"TOTAL",242,"50-54",21
"1818",2007,"TOTAL",242,"55-59",22
"1819",2007,"TOTAL",242,"60-64",8
"1820",2007,"TOTAL",242,"65-69",13
"1821",2007,"TOTAL",242,"70-74",2
"1822",2007,"TOTAL",242,"75-79",9
"1823",2007,"TOTAL",242,"80-84",0
"1824",2007,"TOTAL",242,"85+",1
"1825",2008,"Male",218,"Under 15",1
"1826",2008,"Male",218,"15-19",24
"1827",2008,"Male",218,"20-24",14
"1828",2008,"Male",218,"25-29",33
"1829",2008,"Male",218,"30-34",17
"1830",2008,"Male",218,"35-39",25
"1831",2008,"Male",218,"40-44",30
"1832",2008,"Male",218,"45-49",21
"1833",2008,"Male",218,"50-54",17
"1834",2008,"Male",218,"55-59",11
"1835",2008,"Male",218,"60-64",8
"1836",2008,"Male",218,"65-69",8
"1837",2008,"Male",218,"70-74",3
"1838",2008,"Male",218,"75-79",2
"1839",2008,"Male",218,"80-84",4
"1840",2008,"Male",218,"85+",NA
"1841",2008,"Female",64,"Under 15",2
"1842",2008,"Female",64,"15-19",5
"1843",2008,"Female",64,"20-24",2
"1844",2008,"Female",64,"25-29",8
"1845",2008,"Female",64,"30-34",2
"1846",2008,"Female",64,"35-39",8
"1847",2008,"Female",64,"40-44",12
"1848",2008,"Female",64,"45-49",7
"1849",2008,"Female",64,"50-54",5
"1850",2008,"Female",64,"55-59",2
"1851",2008,"Female",64,"60-64",6
"1852",2008,"Female",64,"65-69",1
"1853",2008,"Female",64,"70-74",2
"1854",2008,"Female",64,"75-79",1
"1855",2008,"Female",64,"80-84",1
"1856",2008,"Female",64,"85+",NA
"1857",2008,"TOTAL",282,"Under 15",3
"1858",2008,"TOTAL",282,"15-19",29
"1859",2008,"TOTAL",282,"20-24",16
"1860",2008,"TOTAL",282,"25-29",41
"1861",2008,"TOTAL",282,"30-34",19
"1862",2008,"TOTAL",282,"35-39",33
"1863",2008,"TOTAL",282,"40-44",42
"1864",2008,"TOTAL",282,"45-49",28
"1865",2008,"TOTAL",282,"50-54",22
"1866",2008,"TOTAL",282,"55-59",13
"1867",2008,"TOTAL",282,"60-64",14
"1868",2008,"TOTAL",282,"65-69",9
"1869",2008,"TOTAL",282,"70-74",5
"1870",2008,"TOTAL",282,"75-79",3
"1871",2008,"TOTAL",282,"80-84",5
"1872",2008,"TOTAL",282,"85+",0
"1873",2009,"Male",205,"Under 15",1
"1874",2009,"Male",205,"15-19",9
"1875",2009,"Male",205,"20-24",25
"1876",2009,"Male",205,"25-29",27
"1877",2009,"Male",205,"30-34",24
"1878",2009,"Male",205,"35-39",25
"1879",2009,"Male",205,"40-44",22
"1880",2009,"Male",205,"45-49",22
"1881",2009,"Male",205,"50-54",15
"1882",2009,"Male",205,"55-59",13
"1883",2009,"Male",205,"60-64",6
"1884",2009,"Male",205,"65-69",9
"1885",2009,"Male",205,"70-74",2
"1886",2009,"Male",205,"75-79",2
"1887",2009,"Male",205,"80-84",3
"1888",2009,"Male",205,"85+",NA
"1889",2009,"Female",55,"Under 15",NA
"1890",2009,"Female",55,"15-19",5
"1891",2009,"Female",55,"20-24",2
"1892",2009,"Female",55,"25-29",6
"1893",2009,"Female",55,"30-34",2
"1894",2009,"Female",55,"35-39",4
"1895",2009,"Female",55,"40-44",12
"1896",2009,"Female",55,"45-49",10
"1897",2009,"Female",55,"50-54",5
"1898",2009,"Female",55,"55-59",3
"1899",2009,"Female",55,"60-64",2
"1900",2009,"Female",55,"65-69",1
"1901",2009,"Female",55,"70-74",1
"1902",2009,"Female",55,"75-79",2
"1903",2009,"Female",55,"80-84",NA
"1904",2009,"Female",55,"85+",NA
"1905",2009,"TOTAL",260,"Under 15",1
"1906",2009,"TOTAL",260,"15-19",14
"1907",2009,"TOTAL",260,"20-24",27
"1908",2009,"TOTAL",260,"25-29",33
"1909",2009,"TOTAL",260,"30-34",26
"1910",2009,"TOTAL",260,"35-39",29
"1911",2009,"TOTAL",260,"40-44",34
"1912",2009,"TOTAL",260,"45-49",32
"1913",2009,"TOTAL",260,"50-54",20
"1914",2009,"TOTAL",260,"55-59",16
"1915",2009,"TOTAL",260,"60-64",8
"1916",2009,"TOTAL",260,"65-69",10
"1917",2009,"TOTAL",260,"70-74",3
"1918",2009,"TOTAL",260,"75-79",4
"1919",2009,"TOTAL",260,"80-84",3
"1920",2009,"TOTAL",260,"85+",0
"1921",2010,"Male",240,"Under 15",NA
"1922",2010,"Male",240,"15-19",15
"1923",2010,"Male",240,"20-24",38
"1924",2010,"Male",240,"25-29",23
"1925",2010,"Male",240,"30-34",22
"1926",2010,"Male",240,"35-39",21
"1927",2010,"Male",240,"40-44",31
"1928",2010,"Male",240,"45-49",31
"1929",2010,"Male",240,"50-54",18
"1930",2010,"Male",240,"55-59",10
"1931",2010,"Male",240,"60-64",9
"1932",2010,"Male",240,"65-69",6
"1933",2010,"Male",240,"70-74",6
"1934",2010,"Male",240,"75-79",5
"1935",2010,"Male",240,"80-84",1
"1936",2010,"Male",240,"85+",4
"1937",2010,"Female",73,"Under 15",1
"1938",2010,"Female",73,"15-19",5
"1939",2010,"Female",73,"20-24",12
"1940",2010,"Female",73,"25-29",6
"1941",2010,"Female",73,"30-34",6
"1942",2010,"Female",73,"35-39",5
"1943",2010,"Female",73,"40-44",8
"1944",2010,"Female",73,"45-49",10
"1945",2010,"Female",73,"50-54",8
"1946",2010,"Female",73,"55-59",3
"1947",2010,"Female",73,"60-64",5
"1948",2010,"Female",73,"65-69",1
"1949",2010,"Female",73,"70-74",1
"1950",2010,"Female",73,"75-79",1
"1951",2010,"Female",73,"80-84",1
"1952",2010,"Female",73,"85+",NA
"1953",2010,"TOTAL",313,"Under 15",1
"1954",2010,"TOTAL",313,"15-19",20
"1955",2010,"TOTAL",313,"20-24",50
"1956",2010,"TOTAL",313,"25-29",29
"1957",2010,"TOTAL",313,"30-34",28
"1958",2010,"TOTAL",313,"35-39",26
"1959",2010,"TOTAL",313,"40-44",39
"1960",2010,"TOTAL",313,"45-49",41
"1961",2010,"TOTAL",313,"50-54",26
"1962",2010,"TOTAL",313,"55-59",13
"1963",2010,"TOTAL",313,"60-64",14
"1964",2010,"TOTAL",313,"65-69",7
"1965",2010,"TOTAL",313,"70-74",7
"1966",2010,"TOTAL",313,"75-79",6
"1967",2010,"TOTAL",313,"80-84",2
"1968",2010,"TOTAL",313,"85+",4
"1969",2011,"Male",216,"Under 15",3
"1970",2011,"Male",216,"15-19",17
"1971",2011,"Male",216,"20-24",24
"1972",2011,"Male",216,"25-29",31
"1973",2011,"Male",216,"30-34",32
"1974",2011,"Male",216,"35-39",17
"1975",2011,"Male",216,"40-44",18
"1976",2011,"Male",216,"45-49",13
"1977",2011,"Male",216,"50-54",16
"1978",2011,"Male",216,"55-59",16
"1979",2011,"Male",216,"60-64",10
"1980",2011,"Male",216,"65-69",8
"1981",2011,"Male",216,"70-74",4
"1982",2011,"Male",216,"75-79",1
"1983",2011,"Male",216,"80-84",3
"1984",2011,"Male",216,"85+",3
"1985",2011,"Female",73,"Under 15",NA
"1986",2011,"Female",73,"15-19",5
"1987",2011,"Female",73,"20-24",7
"1988",2011,"Female",73,"25-29",6
"1989",2011,"Female",73,"30-34",7
"1990",2011,"Female",73,"35-39",8
"1991",2011,"Female",73,"40-44",10
"1992",2011,"Female",73,"45-49",8
"1993",2011,"Female",73,"50-54",4
"1994",2011,"Female",73,"55-59",6
"1995",2011,"Female",73,"60-64",5
"1996",2011,"Female",73,"65-69",4
"1997",2011,"Female",73,"70-74",NA
"1998",2011,"Female",73,"75-79",2
"1999",2011,"Female",73,"80-84",1
"2000",2011,"Female",73,"85+",NA
"2001",2011,"TOTAL",289,"Under 15",3
"2002",2011,"TOTAL",289,"15-19",22
"2003",2011,"TOTAL",289,"20-24",31
"2004",2011,"TOTAL",289,"25-29",37
"2005",2011,"TOTAL",289,"30-34",39
"2006",2011,"TOTAL",289,"35-39",25
"2007",2011,"TOTAL",289,"40-44",28
"2008",2011,"TOTAL",289,"45-49",21
"2009",2011,"TOTAL",289,"50-54",20
"2010",2011,"TOTAL",289,"55-59",22
"2011",2011,"TOTAL",289,"60-64",15
"2012",2011,"TOTAL",289,"65-69",12
"2013",2011,"TOTAL",289,"70-74",4
"2014",2011,"TOTAL",289,"75-79",3
"2015",2011,"TOTAL",289,"80-84",4
"2016",2011,"TOTAL",289,"85+",3
"2017",2012,"Male",215,"Under 15",3
"2018",2012,"Male",215,"15-19",11
"2019",2012,"Male",215,"20-24",25
"2020",2012,"Male",215,"25-29",33
"2021",2012,"Male",215,"30-34",21
"2022",2012,"Male",215,"35-39",21
"2023",2012,"Male",215,"40-44",22
"2024",2012,"Male",215,"45-49",15
"2025",2012,"Male",215,"50-54",26
"2026",2012,"Male",215,"55-59",14
"2027",2012,"Male",215,"60-64",6
"2028",2012,"Male",215,"65-69",9
"2029",2012,"Male",215,"70-74",4
"2030",2012,"Male",215,"75-79",2
"2031",2012,"Male",215,"80-84",2
"2032",2012,"Male",215,"85+",1
"2033",2012,"Female",63,"Under 15",2
"2034",2012,"Female",63,"15-19",3
"2035",2012,"Female",63,"20-24",1
"2036",2012,"Female",63,"25-29",8
"2037",2012,"Female",63,"30-34",5
"2038",2012,"Female",63,"35-39",6
"2039",2012,"Female",63,"40-44",5
"2040",2012,"Female",63,"45-49",6
"2041",2012,"Female",63,"50-54",11
"2042",2012,"Female",63,"55-59",5
"2043",2012,"Female",63,"60-64",6
"2044",2012,"Female",63,"65-69",4
"2045",2012,"Female",63,"70-74",NA
"2046",2012,"Female",63,"75-79",1
"2047",2012,"Female",63,"80-84",NA
"2048",2012,"Female",63,"85+",NA
"2049",2012,"TOTAL",278,"Under 15",5
"2050",2012,"TOTAL",278,"15-19",14
"2051",2012,"TOTAL",278,"20-24",26
"2052",2012,"TOTAL",278,"25-29",41
"2053",2012,"TOTAL",278,"30-34",26
"2054",2012,"TOTAL",278,"35-39",27
"2055",2012,"TOTAL",278,"40-44",27
"2056",2012,"TOTAL",278,"45-49",21
"2057",2012,"TOTAL",278,"50-54",37
"2058",2012,"TOTAL",278,"55-59",19
"2059",2012,"TOTAL",278,"60-64",12
"2060",2012,"TOTAL",278,"65-69",13
"2061",2012,"TOTAL",278,"70-74",4
"2062",2012,"TOTAL",278,"75-79",3
"2063",2012,"TOTAL",278,"80-84",2
"2064",2012,"TOTAL",278,"85+",1
"2065",2013,"Male",229,"Under 15",1
"2066",2013,"Male",229,"15-19",11
"2067",2013,"Male",229,"20-24",19
"2068",2013,"Male",229,"25-29",20
"2069",2013,"Male",229,"30-34",24
"2070",2013,"Male",229,"35-39",26
"2071",2013,"Male",229,"40-44",25
"2072",2013,"Male",229,"45-49",29
"2073",2013,"Male",229,"50-54",23
"2074",2013,"Male",229,"55-59",16
"2075",2013,"Male",229,"60-64",16
"2076",2013,"Male",229,"65-69",7
"2077",2013,"Male",229,"70-74",6
"2078",2013,"Male",229,"75-79",3
"2079",2013,"Male",229,"80-84",1
"2080",2013,"Male",229,"85+",2
"2081",2013,"Female",74,"Under 15",1
"2082",2013,"Female",74,"15-19",2
"2083",2013,"Female",74,"20-24",6
"2084",2013,"Female",74,"25-29",3
"2085",2013,"Female",74,"30-34",5
"2086",2013,"Female",74,"35-39",11
"2087",2013,"Female",74,"40-44",14
"2088",2013,"Female",74,"45-49",12
"2089",2013,"Female",74,"50-54",8
"2090",2013,"Female",74,"55-59",5
"2091",2013,"Female",74,"60-64",4
"2092",2013,"Female",74,"65-69",NA
"2093",2013,"Female",74,"70-74",1
"2094",2013,"Female",74,"75-79",1
"2095",2013,"Female",74,"80-84",1
"2096",2013,"Female",74,"85+",NA
"2097",2013,"TOTAL",303,"Under 15",2
"2098",2013,"TOTAL",303,"15-19",13
"2099",2013,"TOTAL",303,"20-24",25
"2100",2013,"TOTAL",303,"25-29",23
"2101",2013,"TOTAL",303,"30-34",29
"2102",2013,"TOTAL",303,"35-39",37
"2103",2013,"TOTAL",303,"40-44",39
"2104",2013,"TOTAL",303,"45-49",41
"2105",2013,"TOTAL",303,"50-54",31
"2106",2013,"TOTAL",303,"55-59",21
"2107",2013,"TOTAL",303,"60-64",20
"2108",2013,"TOTAL",303,"65-69",7
"2109",2013,"TOTAL",303,"70-74",7
"2110",2013,"TOTAL",303,"75-79",4
"2111",2013,"TOTAL",303,"80-84",2
"2112",2013,"TOTAL",303,"85+",2
"2113",2014,"Male",207,"Under 15",3
"2114",2014,"Male",207,"15-19",12
"2115",2014,"Male",207,"20-24",21
"2116",2014,"Male",207,"25-29",25
"2117",2014,"Male",207,"30-34",31
"2118",2014,"Male",207,"35-39",23
"2119",2014,"Male",207,"40-44",16
"2120",2014,"Male",207,"45-49",23
"2121",2014,"Male",207,"50-54",18
"2122",2014,"Male",207,"55-59",5
"2123",2014,"Male",207,"60-64",12
"2124",2014,"Male",207,"65-69",7
"2125",2014,"Male",207,"70-74",5
"2126",2014,"Male",207,"75-79",4
"2127",2014,"Male",207,"80-84",1
"2128",2014,"Male",207,"85+",1
"2129",2014,"Female",61,"Under 15",NA
"2130",2014,"Female",61,"15-19",3
"2131",2014,"Female",61,"20-24",6
"2132",2014,"Female",61,"25-29",5
"2133",2014,"Female",61,"30-34",4
"2134",2014,"Female",61,"35-39",7
"2135",2014,"Female",61,"40-44",7
"2136",2014,"Female",61,"45-49",8
"2137",2014,"Female",61,"50-54",8
"2138",2014,"Female",61,"55-59",5
"2139",2014,"Female",61,"60-64",5
"2140",2014,"Female",61,"65-69",1
"2141",2014,"Female",61,"70-74",NA
"2142",2014,"Female",61,"75-79",2
"2143",2014,"Female",61,"80-84",NA
"2144",2014,"Female",61,"85+",NA
"2145",2014,"TOTAL",268,"Under 15",3
"2146",2014,"TOTAL",268,"15-19",15
"2147",2014,"TOTAL",268,"20-24",27
"2148",2014,"TOTAL",268,"25-29",30
"2149",2014,"TOTAL",268,"30-34",35
"2150",2014,"TOTAL",268,"35-39",30
"2151",2014,"TOTAL",268,"40-44",23
"2152",2014,"TOTAL",268,"45-49",31
"2153",2014,"TOTAL",268,"50-54",26
"2154",2014,"TOTAL",268,"55-59",10
"2155",2014,"TOTAL",268,"60-64",17
"2156",2014,"TOTAL",268,"65-69",8
"2157",2014,"TOTAL",268,"70-74",5
"2158",2014,"TOTAL",268,"75-79",6
"2159",2014,"TOTAL",268,"80-84",1
"2160",2014,"TOTAL",268,"85+",1
"2161",2015,"Male",245,"Under 15",NA
"2162",2015,"Male",245,"15-19",12
"2163",2015,"Male",245,"20-24",26
"2164",2015,"Male",245,"25-29",38
"2165",2015,"Male",245,"30-34",29
"2166",2015,"Male",245,"35-39",19
"2167",2015,"Male",245,"40-44",24
"2168",2015,"Male",245,"45-49",27
"2169",2015,"Male",245,"50-54",22
"2170",2015,"Male",245,"55-59",23
"2171",2015,"Male",245,"60-64",7
"2172",2015,"Male",245,"65-69",9
"2173",2015,"Male",245,"70-74",4
"2174",2015,"Male",245,"75-79",3
"2175",2015,"Male",245,"80-84",1
"2176",2015,"Male",245,"85+",1
"2177",2015,"Female",73,"Under 15",NA
"2178",2015,"Female",73,"15-19",5
"2179",2015,"Female",73,"20-24",7
"2180",2015,"Female",73,"25-29",6
"2181",2015,"Female",73,"30-34",9
"2182",2015,"Female",73,"35-39",7
"2183",2015,"Female",73,"40-44",5
"2184",2015,"Female",73,"45-49",11
"2185",2015,"Female",73,"50-54",8
"2186",2015,"Female",73,"55-59",3
"2187",2015,"Female",73,"60-64",4
"2188",2015,"Female",73,"65-69",7
"2189",2015,"Female",73,"70-74",1
"2190",2015,"Female",73,"75-79",NA
"2191",2015,"Female",73,"80-84",NA
"2192",2015,"Female",73,"85+",NA
"2193",2015,"TOTAL",318,"Under 15",NA
"2194",2015,"TOTAL",318,"15-19",17
"2195",2015,"TOTAL",318,"20-24",33
"2196",2015,"TOTAL",318,"25-29",44
"2197",2015,"TOTAL",318,"30-34",38
"2198",2015,"TOTAL",318,"35-39",26
"2199",2015,"TOTAL",318,"40-44",29
"2200",2015,"TOTAL",318,"45-49",38
"2201",2015,"TOTAL",318,"50-54",30
"2202",2015,"TOTAL",318,"55-59",26
"2203",2015,"TOTAL",318,"60-64",11
"2204",2015,"TOTAL",318,"65-69",16
"2205",2015,"TOTAL",318,"70-74",5
"2206",2015,"TOTAL",318,"75-79",3
"2207",2015,"TOTAL",318,"80-84",1
"2208",2015,"TOTAL",318,"85+",1
"2209",2016,"Male",222,"Under 15",1
"2210",2016,"Male",222,"15-19",11
"2211",2016,"Male",222,"20-24",25
"2212",2016,"Male",222,"25-29",23
"2213",2016,"Male",222,"30-34",36
"2214",2016,"Male",222,"35-39",18
"2215",2016,"Male",222,"40-44",21
"2216",2016,"Male",222,"45-49",20
"2217",2016,"Male",222,"50-54",25
"2218",2016,"Male",222,"55-59",16
"2219",2016,"Male",222,"60-64",9
"2220",2016,"Male",222,"65-69",7
"2221",2016,"Male",222,"70-74",4
"2222",2016,"Male",222,"75-79",5
"2223",2016,"Male",222,"80-84",1
"2224",2016,"Male",222,"85+",NA
"2225",2016,"Female",76,"Under 15",NA
"2226",2016,"Female",76,"15-19",2
"2227",2016,"Female",76,"20-24",12
"2228",2016,"Female",76,"25-29",9
"2229",2016,"Female",76,"30-34",4
"2230",2016,"Female",76,"35-39",4
"2231",2016,"Female",76,"40-44",6
"2232",2016,"Female",76,"45-49",8
"2233",2016,"Female",76,"50-54",11
"2234",2016,"Female",76,"55-59",7
"2235",2016,"Female",76,"60-64",5
"2236",2016,"Female",76,"65-69",3
"2237",2016,"Female",76,"70-74",3
"2238",2016,"Female",76,"75-79",2
"2239",2016,"Female",76,"80-84",NA
"2240",2016,"Female",76,"85+",NA
"2241",2016,"TOTAL",297,"Under 15",1
"2242",2016,"TOTAL",297,"15-19",13
"2243",2016,"TOTAL",297,"20-24",37
"2244",2016,"TOTAL",297,"25-29",32
"2245",2016,"TOTAL",297,"30-34",40
"2246",2016,"TOTAL",297,"35-39",22
"2247",2016,"TOTAL",297,"40-44",27
"2248",2016,"TOTAL",297,"45-49",28
"2249",2016,"TOTAL",297,"50-54",36
"2250",2016,"TOTAL",297,"55-59",23
"2251",2016,"TOTAL",297,"60-64",14
"2252",2016,"TOTAL",297,"65-69",10
"2253",2016,"TOTAL",297,"70-74",7
"2254",2016,"TOTAL",297,"75-79",7
"2255",2016,"TOTAL",297,"80-84",1
"2256",2016,"TOTAL",297,"85+",NA
"2257",2017,"Male",234,"Under 15",2
"2258",2017,"Male",234,"15-19",7
"2259",2017,"Male",234,"20-24",23
"2260",2017,"Male",234,"25-29",30
"2261",2017,"Male",234,"30-34",25
"2262",2017,"Male",234,"35-39",33
"2263",2017,"Male",234,"40-44",29
"2264",2017,"Male",234,"45-49",25
"2265",2017,"Male",234,"50-54",24
"2266",2017,"Male",234,"55-59",15
"2267",2017,"Male",234,"60-64",10
"2268",2017,"Male",234,"65-69",3
"2269",2017,"Male",234,"70-74",4
"2270",2017,"Male",234,"75-79",2
"2271",2017,"Male",234,"80-84",NA
"2272",2017,"Male",234,"85+",2
"2273",2017,"Female",71,"Under 15",NA
"2274",2017,"Female",71,"15-19",3
"2275",2017,"Female",71,"20-24",10
"2276",2017,"Female",71,"25-29",8
"2277",2017,"Female",71,"30-34",14
"2278",2017,"Female",71,"35-39",7
"2279",2017,"Female",71,"40-44",6
"2280",2017,"Female",71,"45-49",7
"2281",2017,"Female",71,"50-54",8
"2282",2017,"Female",71,"55-59",1
"2283",2017,"Female",71,"60-64",3
"2284",2017,"Female",71,"65-69",3
"2285",2017,"Female",71,"70-74",1
"2286",2017,"Female",71,"75-79",NA
"2287",2017,"Female",71,"80-84",NA
"2288",2017,"Female",71,"85+",NA
"2289",2017,"TOTAL",305,"Under 15",2
"2290",2017,"TOTAL",305,"15-19",10
"2291",2017,"TOTAL",305,"20-24",33
"2292",2017,"TOTAL",305,"25-29",38
"2293",2017,"TOTAL",305,"30-34",39
"2294",2017,"TOTAL",305,"35-39",40
"2295",2017,"TOTAL",305,"40-44",35
"2296",2017,"TOTAL",305,"45-49",32
"2297",2017,"TOTAL",305,"50-54",32
"2298",2017,"TOTAL",305,"55-59",16
"2299",2017,"TOTAL",305,"60-64",13
"2300",2017,"TOTAL",305,"65-69",6
"2301",2017,"TOTAL",305,"70-74",5
"2302",2017,"TOTAL",305,"75-79",2
"2303",2017,"TOTAL",305,"80-84",NA
"2304",2017,"TOTAL",305,"85+",2
"2305",2018,"Male",228,"Under 15",NA
"2306",2018,"Male",228,"15-19",7
"2307",2018,"Male",228,"20-24",21
"2308",2018,"Male",228,"25-29",37
"2309",2018,"Male",228,"30-34",35
"2310",2018,"Male",228,"35-39",23
"2311",2018,"Male",228,"40-44",27
"2312",2018,"Male",228,"45-49",20
"2313",2018,"Male",228,"50-54",15
"2314",2018,"Male",228,"55-59",20
"2315",2018,"Male",228,"60-64",7
"2316",2018,"Male",228,"65-69",10
"2317",2018,"Male",228,"70-74",4
"2318",2018,"Male",228,"75-79",NA
"2319",2018,"Male",228,"80-84",1
"2320",2018,"Male",228,"85+",1
"2321",2018,"Female",79,"Under 15",NA
"2322",2018,"Female",79,"15-19",8
"2323",2018,"Female",79,"20-24",5
"2324",2018,"Female",79,"25-29",6
"2325",2018,"Female",79,"30-34",10
"2326",2018,"Female",79,"35-39",7
"2327",2018,"Female",79,"40-44",10
"2328",2018,"Female",79,"45-49",11
"2329",2018,"Female",79,"50-54",9
"2330",2018,"Female",79,"55-59",2
"2331",2018,"Female",79,"60-64",4
"2332",2018,"Female",79,"65-69",3
"2333",2018,"Female",79,"70-74",2
"2334",2018,"Female",79,"75-79",1
"2335",2018,"Female",79,"80-84",1
"2336",2018,"Female",79,"85+",NA
"2337",2018,"TOTAL",307,"Under 15",NA
"2338",2018,"TOTAL",307,"15-19",15
"2339",2018,"TOTAL",307,"20-24",26
"2340",2018,"TOTAL",307,"25-29",43
"2341",2018,"TOTAL",307,"30-34",45
"2342",2018,"TOTAL",307,"35-39",30
"2343",2018,"TOTAL",307,"40-44",37
"2344",2018,"TOTAL",307,"45-49",31
"2345",2018,"TOTAL",307,"50-54",24
"2346",2018,"TOTAL",307,"55-59",22
"2347",2018,"TOTAL",307,"60-64",11
"2348",2018,"TOTAL",307,"65-69",13
"2349",2018,"TOTAL",307,"70-74",6
"2350",2018,"TOTAL",307,"75-79",1
"2351",2018,"TOTAL",307,"80-84",2
"2352",2018,"TOTAL",307,"85+",1
